dtime,time,open,high,low,close,vwap,volume,count
2019-04-08 16:33:00,1554741180,306.4,306.7,306.4,306.7,306.7,1.169645,2
2019-04-08 16:32:00,1554741120,306.3,307.1,306.3,306.4,306.7,0.7540705,3
2019-04-08 16:31:00,1554741060,306.6,306.9,306.3,306.3,306.4,0.19079546,2
2019-04-08 16:30:00,1554741000,306.3,306.6,306.3,306.6,306.6,0.0618,1
2019-04-08 16:29:00,1554740940,306.6,306.6,306.1,306.3,306.2,4.9540705,8
2019-04-08 16:28:00,1554740880,307.0,307.0,306.2,306.6,306.4,10.485,8
2019-04-08 16:27:00,1554740820,307.0,307.6,307.0,307.0,307.1,0.23979546,3
2019-04-08 16:26:00,1554740760,307.2,307.3,306.7,306.7,307.0,1.1776,5
2019-04-08 16:25:00,1554740700,305.9,306.7,305.9,306.7,306.4,34.89717319,9
2019-04-08 16:24:00,1554740640,306.0,306.0,305.9,305.9,305.9,4.0,1
2019-04-08 16:23:00,1554740580,306.2,306.5,306.0,306.0,306.1,0.29079546,3
2019-04-08 16:22:00,1554740520,307.7,307.7,307.0,307.0,307.1,2.75404708,6
2019-04-08 16:21:00,1554740460,307.1,307.9,307.1,307.9,307.9,25.0,3
2019-04-08 16:20:00,1554740400,305.6,307.1,305.6,307.1,305.9,7.22794577,11
2019-04-08 16:19:00,1554740340,305.5,305.6,305.5,305.6,305.5,3.261,3
2019-04-08 16:18:00,1554740280,306.1,306.6,306.0,306.0,306.1,4.44167398,8
2019-04-08 16:17:00,1554740220,306.5,306.6,306.1,306.1,306.4,23.64006126,17
2019-04-08 16:16:00,1554740160,305.8,307.7,305.7,306.5,306.3,82.75380916,43
2019-04-08 16:15:00,1554740100,306.1,306.3,305.5,305.8,305.9,25.65727309,7
2019-04-08 16:14:00,1554740040,306.4,306.8,306.1,306.1,306.3,36.60348785,33
2019-04-08 16:13:00,1554739980,306.3,306.5,305.6,306.5,306.1,13.08826906,15
2019-04-08 16:12:00,1554739920,306.7,306.9,306.2,306.3,306.4,11.25039546,9
2019-04-08 16:11:00,1554739860,308.5,308.6,307.1,307.1,307.7,15.32657011,20
2019-04-08 16:10:00,1554739800,310.3,310.3,308.5,308.5,309.8,68.85871335,21
2019-04-08 16:09:00,1554739740,311.0,311.0,310.0,310.5,310.7,16.34703279,17
2019-04-08 16:08:00,1554739680,311.6,311.6,311.0,311.0,311.3,10.6627251,12
2019-04-08 16:07:00,1554739620,312.8,312.8,311.8,311.8,312.3,20.98090169,6
2019-04-08 16:06:00,1554739560,311.6,311.6,311.6,311.6,0.0,0.0,0
2019-04-08 16:05:00,1554739500,311.5,311.9,311.5,311.6,311.6,3.52600188,3
2019-04-08 16:04:00,1554739440,311.9,313.4,311.5,311.5,312.3,100.52935884,22
2019-04-08 16:03:00,1554739380,311.7,312.3,311.7,311.8,311.9,1.1498705,5
2019-04-08 16:02:00,1554739320,312.1,312.3,312.0,312.0,312.1,11.8470984,9
2019-04-08 16:01:00,1554739260,311.2,312.6,311.2,312.6,312.6,0.05279706,1
2019-04-08 16:00:00,1554739200,310.4,311.2,310.1,311.2,310.8,30.02563146,11
2019-04-08 15:59:00,1554739140,310.1,310.2,310.1,310.2,310.1,13.00639057,18
2019-04-08 15:58:00,1554739080,309.8,310.2,309.8,310.1,310.1,0.83146941,5
2019-04-08 15:57:00,1554739020,309.8,309.8,309.8,309.8,0.0,0.0,0
2019-04-08 15:56:00,1554738960,309.9,310.3,309.8,309.8,309.9,4.7540705,6
2019-04-08 15:55:00,1554738900,309.9,309.9,309.9,309.9,0.0,0.0,0
2019-04-08 15:54:00,1554738840,309.8,310.2,309.8,309.9,309.9,0.19079546,2
2019-04-08 15:53:00,1554738780,309.7,310.3,309.3,309.8,309.4,38.1693,10
2019-04-08 15:52:00,1554738720,309.5,310.0,309.3,309.6,309.5,2.27277816,7
2019-04-08 15:51:00,1554738660,309.5,309.5,309.2,309.5,309.3,0.23329074,3
2019-04-08 15:50:00,1554738600,309.3,309.4,309.2,309.2,309.3,9.08960797,4
2019-04-08 15:49:00,1554738540,309.5,309.5,308.9,309.1,309.4,4.32043968,7
2019-04-08 15:48:00,1554738480,309.4,309.4,309.4,309.4,309.4,2.30400566,7
2019-04-08 15:47:00,1554738420,309.4,309.8,309.1,309.5,309.4,10.19359546,11
2019-04-08 15:46:00,1554738360,309.7,310.1,309.6,309.6,309.6,9.58587743,8
2019-04-08 15:45:00,1554738300,310.0,310.4,309.9,309.9,310.1,0.7540705,3
2019-04-08 15:44:00,1554738240,309.9,309.9,309.9,309.9,309.9,0.004,1
2019-04-08 15:43:00,1554738180,310.1,310.7,309.9,309.9,310.6,2.22270697,6
2019-04-08 15:42:00,1554738120,310.3,310.3,309.7,309.7,310.0,0.7540705,3
2019-04-08 15:41:00,1554738060,310.4,310.4,310.4,310.4,0.0,0.0,0
2019-04-08 15:40:00,1554738000,310.3,310.9,310.3,310.4,310.3,11.72435818,6
2019-04-08 15:39:00,1554737940,310.0,310.0,310.0,310.0,310.0,19.0773929,1
2019-04-08 15:38:00,1554737880,310.0,310.8,309.9,310.8,310.3,42.00099851,23
2019-04-08 15:37:00,1554737820,311.2,311.4,310.2,310.2,310.9,31.81946105,19
2019-04-08 15:36:00,1554737760,312.4,312.4,311.2,311.2,311.7,0.08280946,3
2019-04-08 15:35:00,1554737700,312.4,312.4,312.4,312.4,0.0,0.0,0
2019-04-08 15:34:00,1554737640,312.6,312.9,312.4,312.4,312.7,0.56062922,3
2019-04-08 15:33:00,1554737580,313.6,313.6,313.0,313.1,313.0,0.39423674,3
2019-04-08 15:32:00,1554737520,313.0,313.3,312.9,313.1,312.9,22.88199168,9
2019-04-08 15:31:00,1554737460,312.3,312.7,312.3,312.4,312.6,0.55762922,2
2019-04-08 15:30:00,1554737400,312.5,312.5,312.2,312.3,312.2,9.23005789,5
2019-04-08 15:29:00,1554737340,312.7,313.1,312.6,312.6,312.6,15.05273674,9
2019-04-08 15:28:00,1554737280,312.3,313.0,312.3,313.0,312.9,1.7194,2
2019-04-08 15:27:00,1554737220,313.0,313.0,312.3,312.3,312.8,2.15762922,4
2019-04-08 15:26:00,1554737160,311.7,311.7,311.7,311.7,0.0,0.0,0
2019-04-08 15:25:00,1554737100,312.2,312.2,311.2,311.7,311.8,3.09973674,7
2019-04-08 15:24:00,1554737040,313.6,313.6,312.7,312.7,312.9,26.6469984,12
2019-04-08 15:23:00,1554736980,313.7,313.7,313.3,313.6,313.5,2.64763082,8
2019-04-08 15:22:00,1554736920,313.4,313.4,313.2,313.2,313.2,0.38723674,2
2019-04-08 15:21:00,1554736860,312.3,312.4,312.3,312.4,312.3,4.05300008,6
2019-04-08 15:20:00,1554736800,311.2,311.6,311.1,311.6,311.4,7.19944828,6
2019-04-08 15:19:00,1554736740,311.1,311.1,311.1,311.1,0.0,0.0,0
2019-04-08 15:18:00,1554736680,311.0,311.6,311.0,311.1,311.2,0.80723674,4
2019-04-08 15:17:00,1554736620,311.0,311.0,311.0,311.0,311.0,1.34470858,1
2019-04-08 15:16:00,1554736560,310.3,311.5,310.3,311.0,311.3,0.55762922,2
2019-04-08 15:15:00,1554736500,310.3,310.3,310.3,310.3,0.0,0.0,0
2019-04-08 15:14:00,1554736440,310.8,310.8,310.3,310.3,310.3,0.38723674,2
2019-04-08 15:13:00,1554736380,308.7,310.7,308.7,310.2,310.5,0.55762922,2
2019-04-08 15:12:00,1554736320,308.7,308.7,308.7,308.7,0.0,0.0,0
2019-04-08 15:11:00,1554736260,309.4,309.4,308.7,308.7,308.7,0.38723674,2
2019-04-08 15:10:00,1554736200,309.4,309.4,309.0,309.0,309.0,0.21956,2
2019-04-08 15:09:00,1554736140,309.0,309.4,308.8,309.4,308.8,16.64265922,11
2019-04-08 15:08:00,1554736080,309.0,309.0,309.0,309.0,309.0,1.165,1
2019-04-08 15:07:00,1554736020,309.2,309.2,308.6,309.0,308.9,12.41892757,6
2019-04-08 15:06:00,1554735960,310.0,310.0,309.1,309.2,309.4,18.88646532,15
2019-04-08 15:05:00,1554735900,310.1,310.5,310.0,310.0,310.1,21.25682267,14
2019-04-08 15:04:00,1554735840,310.4,310.4,310.0,310.1,310.0,5.06231324,5
2019-04-08 15:03:00,1554735780,310.2,310.2,310.0,310.0,310.1,9.21891659,4
2019-04-08 15:02:00,1554735720,310.3,310.4,309.6,310.0,309.9,12.45162922,11
2019-04-08 15:01:00,1554735660,310.5,310.8,310.3,310.3,310.4,40.37085905,24
2019-04-08 15:00:00,1554735600,312.0,312.1,310.5,310.5,311.1,26.08160906,25
2019-04-08 14:59:00,1554735540,313.8,314.1,312.0,312.0,313.3,256.48287953,23
2019-04-08 14:58:00,1554735480,311.3,314.2,311.3,314.2,313.2,105.12792922,15
2019-04-08 14:57:00,1554735420,311.4,311.5,311.3,311.3,311.3,5.239,2
2019-04-08 14:56:00,1554735360,312.0,312.1,311.4,311.4,311.8,6.38723674,8
2019-04-08 14:55:00,1554735300,310.5,310.5,310.5,310.5,0.0,0.0,0
2019-04-08 14:54:00,1554735240,311.1,311.2,310.5,310.5,310.9,30.81260907,13
2019-04-08 14:53:00,1554735180,310.8,313.7,310.7,311.7,312.4,481.97184294,68
2019-04-08 14:52:00,1554735120,309.4,310.4,309.4,310.4,310.4,0.01007,1
2019-04-08 14:51:00,1554735060,309.1,309.8,309.1,309.4,309.4,4.75652922,10
2019-04-08 14:50:00,1554735000,308.8,309.1,308.8,309.1,309.0,8.178,6
2019-04-08 14:49:00,1554734940,308.7,309.2,308.7,309.0,309.0,2.75985389,7
2019-04-08 14:48:00,1554734880,308.6,310.0,308.2,310.0,309.3,207.106,31
2019-04-08 14:47:00,1554734820,308.1,308.6,307.5,308.0,308.0,1.03002922,6
2019-04-08 14:46:00,1554734760,307.6,308.1,307.6,308.1,307.8,40.0,9
2019-04-08 14:45:00,1554734700,308.1,308.5,307.6,307.6,308.3,41.44923674,11
2019-04-08 14:44:00,1554734640,308.5,309.1,307.8,308.1,308.5,62.39821185,19
2019-04-08 14:43:00,1554734580,308.3,308.5,308.3,308.5,308.3,2.58004017,6
2019-04-08 14:42:00,1554734520,308.3,308.7,308.3,308.3,308.4,14.51073674,5
2019-04-08 14:41:00,1554734460,308.3,308.3,308.3,308.3,0.0,0.0,0
2019-04-08 14:40:00,1554734400,308.3,308.8,308.3,308.3,308.5,1.1776096,5
2019-04-08 14:39:00,1554734340,308.0,308.0,308.0,308.0,0.0,0.0,0
2019-04-08 14:38:00,1554734280,308.4,308.4,308.0,308.0,308.0,0.38723674,2
2019-04-08 14:37:00,1554734220,307.9,307.9,307.9,307.9,0.0,0.0,0
2019-04-08 14:36:00,1554734160,308.0,308.2,307.9,307.9,308.1,0.55762922,2
2019-04-08 14:35:00,1554734100,308.2,308.2,308.0,308.0,308.0,2.88359268,4
2019-04-08 14:34:00,1554734040,308.9,308.9,308.9,308.9,308.9,0.05279706,1
2019-04-08 14:33:00,1554733980,308.2,308.2,307.5,307.5,308.0,0.55762922,2
2019-04-08 14:32:00,1554733920,306.7,307.2,306.6,306.8,306.9,18.20381533,9
2019-04-08 14:31:00,1554733860,305.9,307.2,305.9,306.7,306.7,0.38723674,2
2019-04-08 14:30:00,1554733800,305.9,305.9,305.9,305.9,0.0,0.0,0
2019-04-08 14:29:00,1554733740,306.5,306.5,305.8,305.9,305.8,5.22062922,4
2019-04-08 14:28:00,1554733680,305.9,306.5,305.9,306.5,306.5,0.03,1
2019-04-08 14:27:00,1554733620,305.5,306.0,305.5,305.9,305.9,0.8988307,3
2019-04-08 14:26:00,1554733560,305.5,305.5,305.5,305.5,0.0,0.0,0
2019-04-08 14:25:00,1554733500,305.1,306.0,305.1,305.5,305.8,0.55762922,2
2019-04-08 14:24:00,1554733440,305.5,305.5,305.1,305.1,305.3,31.0,8
2019-04-08 14:23:00,1554733380,305.5,305.5,304.7,304.8,305.0,39.51189179,20
2019-04-08 14:22:00,1554733320,306.8,306.8,305.9,305.9,306.5,0.55762922,2
2019-04-08 14:21:00,1554733260,306.8,306.8,306.8,306.8,0.0,0.0,0
2019-04-08 14:20:00,1554733200,306.8,306.8,306.4,306.8,306.6,1.11047959,3
2019-04-08 14:19:00,1554733140,306.1,306.1,306.1,306.1,0.0,0.0,0
2019-04-08 14:18:00,1554733080,306.7,306.8,306.1,306.1,306.5,6.65162922,8
2019-04-08 14:17:00,1554733020,306.9,306.9,306.7,306.7,306.7,14.6791,4
2019-04-08 14:16:00,1554732960,307.0,307.4,306.8,306.9,306.9,14.77878064,8
2019-04-08 14:15:00,1554732900,306.7,306.7,306.7,306.7,306.7,0.07,1
2019-04-08 14:14:00,1554732840,306.7,306.7,306.0,306.0,306.5,0.55762922,2
2019-04-08 14:13:00,1554732780,306.3,306.3,305.9,305.9,305.9,0.38723674,2
2019-04-08 14:12:00,1554732720,306.6,306.6,306.6,306.6,306.6,6.0,3
2019-04-08 14:11:00,1554732660,305.6,306.0,305.6,305.9,305.9,1.04662922,4
2019-04-08 14:10:00,1554732600,305.6,305.6,305.6,305.6,305.6,0.095,2
2019-04-08 14:09:00,1554732540,305.0,305.6,304.9,305.6,305.3,1.8580648,5
2019-04-08 14:08:00,1554732480,305.0,305.0,305.0,305.0,0.0,0.0,0
2019-04-08 14:07:00,1554732420,305.2,305.5,305.0,305.0,305.4,1.86362922,4
2019-04-08 14:06:00,1554732360,305.2,305.2,305.2,305.2,0.0,0.0,0
2019-04-08 14:05:00,1554732300,305.9,305.9,305.2,305.2,305.2,0.38723674,2
2019-04-08 14:04:00,1554732240,306.1,306.1,305.4,305.9,305.6,1.25354764,4
2019-04-08 14:03:00,1554732180,304.7,305.3,304.7,305.3,304.7,3.01489192,7
2019-04-08 14:02:00,1554732120,304.5,304.6,304.4,304.6,304.5,2.89745843,8
2019-04-08 14:01:00,1554732060,303.9,304.2,303.8,304.2,303.9,22.5702,4
2019-04-08 14:00:00,1554732000,303.8,304.4,303.8,303.9,303.9,1.42601278,5
2019-04-08 13:59:00,1554731940,304.0,305.0,301.6,303.8,303.6,135.99762981,57
2019-04-08 13:58:00,1554731880,304.9,304.9,303.9,303.9,304.3,5.58723674,6
2019-04-08 13:57:00,1554731820,305.0,305.0,304.0,304.0,304.2,14.7803,9
2019-04-08 13:56:00,1554731760,305.3,305.3,305.0,305.0,305.0,9.0,1
2019-04-08 13:55:00,1554731700,306.0,306.0,305.3,305.3,305.9,11.70322835,12
2019-04-08 13:54:00,1554731640,306.8,306.8,306.3,306.3,306.4,5.26785093,8
2019-04-08 13:53:00,1554731580,306.9,307.1,306.9,307.1,307.1,0.147,2
2019-04-08 13:52:00,1554731520,307.2,308.1,306.5,306.9,307.6,77.21636841,11
2019-04-08 13:51:00,1554731460,306.4,306.8,306.4,306.8,306.5,0.01752,2
2019-04-08 13:50:00,1554731400,305.9,305.9,305.9,305.9,0.0,0.0,0
2019-04-08 13:49:00,1554731340,305.9,305.9,305.9,305.9,0.0,0.0,0
2019-04-08 13:48:00,1554731280,306.5,306.5,305.9,305.9,305.9,0.40523674,3
2019-04-08 13:47:00,1554731220,306.4,306.5,306.4,306.5,306.5,0.024,1
2019-04-08 13:46:00,1554731160,305.4,306.4,305.4,306.4,306.3,3.69162922,14
2019-04-08 13:45:00,1554731100,305.8,305.8,305.4,305.4,305.7,0.018,2
2019-04-08 13:44:00,1554731040,305.9,306.0,305.7,305.7,305.9,1.4188,4
2019-04-08 13:43:00,1554730980,306.7,306.7,305.7,305.7,306.2,3.79523674,6
2019-04-08 13:42:00,1554730920,306.7,306.7,306.7,306.7,306.7,2.371,2
2019-04-08 13:41:00,1554730860,305.9,306.3,305.9,305.9,306.2,0.55762922,2
2019-04-08 13:40:00,1554730800,306.1,306.1,305.6,305.9,305.7,0.88723674,5
2019-04-08 13:39:00,1554730740,306.6,306.6,306.1,306.1,306.1,0.629,1
2019-04-08 13:38:00,1554730680,307.0,307.0,306.6,306.6,306.9,0.55762922,2
2019-04-08 13:37:00,1554730620,307.0,307.0,307.0,307.0,0.0,0.0,0
2019-04-08 13:36:00,1554730560,306.4,307.6,306.4,307.0,307.0,0.38723674,2
2019-04-08 13:35:00,1554730500,306.4,306.4,306.4,306.4,0.0,0.0,0
2019-04-08 13:34:00,1554730440,306.4,306.8,306.2,306.4,306.4,11.05762922,6
2019-04-08 13:33:00,1554730380,307.1,307.1,306.8,306.8,306.8,10.08303,7
2019-04-08 13:32:00,1554730320,308.0,308.3,307.2,307.2,307.5,15.03749301,13
2019-04-08 13:31:00,1554730260,308.9,308.9,308.2,308.5,308.4,6.02915102,11
2019-04-08 13:30:00,1554730200,308.4,309.0,308.4,308.8,308.8,0.66762922,3
2019-04-08 13:29:00,1554730140,308.4,308.4,308.4,308.4,0.0,0.0,0
2019-04-08 13:28:00,1554730080,308.6,309.0,308.4,308.4,308.4,0.38723674,2
2019-04-08 13:27:00,1554730020,309.3,309.3,308.6,308.6,308.9,0.55762922,2
2019-04-08 13:26:00,1554729960,309.3,309.3,309.3,309.3,309.3,3.94720294,2
2019-04-08 13:25:00,1554729900,309.5,309.5,309.1,309.1,309.1,0.38723674,2
2019-04-08 13:24:00,1554729840,309.0,309.6,309.0,309.1,309.5,3.894,5
2019-04-08 13:23:00,1554729780,308.2,309.0,308.2,309.0,308.8,11.82042922,8
2019-04-08 13:22:00,1554729720,307.4,308.2,307.4,308.2,307.9,85.9888,12
2019-04-08 13:21:00,1554729660,307.5,307.8,307.2,307.4,307.3,0.91275368,3
2019-04-08 13:20:00,1554729600,307.5,307.5,307.5,307.5,0.0,0.0,0
2019-04-08 13:19:00,1554729540,307.6,308.0,307.5,307.5,307.6,5.55762922,6
2019-04-08 13:18:00,1554729480,307.7,307.7,307.5,307.7,307.6,10.67173674,5
2019-04-08 13:17:00,1554729420,307.4,308.5,307.4,307.5,308.0,140.24047004,16
2019-04-08 13:16:00,1554729360,307.5,307.5,307.2,307.2,307.4,21.68119114,9
2019-04-08 13:15:00,1554729300,307.3,307.4,307.3,307.4,307.4,5.22753517,1
2019-04-08 13:14:00,1554729240,307.2,307.6,307.2,307.3,307.3,0.38723674,2
2019-04-08 13:13:00,1554729180,307.0,307.5,307.0,307.2,307.2,17.5,5
2019-04-08 13:12:00,1554729120,306.4,307.0,306.4,306.9,306.7,39.55762922,9
2019-04-08 13:11:00,1554729060,306.3,306.4,306.3,306.4,306.3,26.01018564,6
2019-04-08 13:10:00,1554729000,307.0,307.0,306.0,306.0,306.5,100.71319377,20
2019-04-08 13:09:00,1554728940,306.7,307.0,306.7,307.0,306.8,0.609,2
2019-04-08 13:08:00,1554728880,306.4,307.1,306.4,307.1,306.8,0.83,5
2019-04-08 13:07:00,1554728820,305.9,306.5,305.9,306.5,305.9,4.75762922,5
2019-04-08 13:06:00,1554728760,305.9,305.9,305.5,305.9,305.7,17.1665596,6
2019-04-08 13:05:00,1554728700,304.6,305.0,304.2,305.0,304.6,80.74723674,14
2019-04-08 13:04:00,1554728640,303.0,304.7,303.0,304.7,304.2,51.80760479,12
2019-04-08 13:03:00,1554728580,303.5,303.5,303.0,303.0,303.3,0.55762922,2
2019-04-08 13:02:00,1554728520,303.2,303.2,303.2,303.2,0.0,0.0,0
2019-04-08 13:01:00,1554728460,303.6,303.6,303.1,303.2,303.5,15.03723945,10
2019-04-08 13:00:00,1554728400,303.9,303.9,303.2,303.7,303.5,69.66775609,17
2019-04-08 12:59:00,1554728340,302.9,303.7,302.9,303.7,303.5,42.60750922,10
2019-04-08 12:58:00,1554728280,303.3,303.4,302.9,302.9,303.0,11.20562922,10
2019-04-08 12:57:00,1554728220,303.1,303.1,302.8,303.1,302.9,5.57421481,10
2019-04-08 12:56:00,1554728160,302.6,303.1,302.6,303.0,302.8,1.19755744,4
2019-04-08 12:55:00,1554728100,302.6,303.1,302.2,302.6,302.5,33.83638054,30
2019-04-08 12:54:00,1554728040,302.4,303.2,302.1,302.6,302.4,70.65518361,64
2019-04-08 12:53:00,1554727980,303.0,303.0,302.3,302.4,302.8,109.64888196,66
2019-04-08 12:52:00,1554727920,303.3,303.4,303.0,303.2,303.2,50.93866634,33
2019-04-08 12:51:00,1554727860,303.6,303.6,303.1,303.3,303.2,107.37790223,53
2019-04-08 12:50:00,1554727800,303.4,303.6,303.4,303.6,303.5,2.40402132,4
2019-04-08 12:49:00,1554727740,303.1,303.6,303.1,303.4,303.4,12.40722699,14
2019-04-08 12:48:00,1554727680,303.6,303.6,303.1,303.1,303.2,19.43350589,13
2019-04-08 12:47:00,1554727620,303.4,303.4,302.7,302.9,302.9,16.66297215,17
2019-04-08 12:46:00,1554727560,302.6,303.5,302.6,303.4,303.2,35.88152304,15
2019-04-08 12:45:00,1554727500,302.6,302.6,302.6,302.6,0.0,0.0,0
2019-04-08 12:44:00,1554727440,302.6,302.8,302.6,302.6,302.7,0.55762922,2
2019-04-08 12:43:00,1554727380,302.6,302.6,302.6,302.6,0.0,0.0,0
2019-04-08 12:42:00,1554727320,301.9,302.6,301.9,302.6,302.1,5.87593674,10
2019-04-08 12:41:00,1554727260,301.6,301.6,301.6,301.6,0.0,0.0,0
2019-04-08 12:40:00,1554727200,302.1,302.2,301.6,301.6,301.9,18.70162922,9
2019-04-08 12:39:00,1554727140,302.2,302.3,301.8,302.1,302.0,11.08123968,10
2019-04-08 12:38:00,1554727080,302.3,302.3,302.0,302.0,302.1,12.1845,6
2019-04-08 12:37:00,1554727020,302.0,302.0,301.7,301.7,301.9,0.55762922,2
2019-04-08 12:36:00,1554726960,302.5,302.5,302.0,302.0,302.2,20.17441853,10
2019-04-08 12:35:00,1554726900,302.3,302.5,302.3,302.5,302.3,4.74871698,5
2019-04-08 12:34:00,1554726840,302.5,302.5,301.9,301.9,302.4,33.4390016,9
2019-04-08 12:33:00,1554726780,303.2,303.2,302.5,302.5,302.6,9.63563082,8
2019-04-08 12:32:00,1554726720,303.0,303.2,303.0,303.2,303.1,10.99935007,3
2019-04-08 12:31:00,1554726660,303.6,303.6,303.0,303.0,303.5,36.58723674,8
2019-04-08 12:30:00,1554726600,303.1,303.6,303.1,303.6,303.5,7.77091252,9
2019-04-08 12:29:00,1554726540,302.4,303.6,302.4,303.6,303.6,1.41963082,5
2019-04-08 12:28:00,1554726480,302.2,302.4,301.8,302.4,302.2,16.76473674,21
2019-04-08 12:27:00,1554726420,301.4,301.4,301.4,301.4,301.4,1.0,1
2019-04-08 12:26:00,1554726360,302.3,302.3,301.4,301.4,301.8,0.55762922,2
2019-04-08 12:25:00,1554726300,301.7,302.3,301.7,302.3,302.3,10.0,1
2019-04-08 12:24:00,1554726240,302.1,302.2,301.7,301.7,301.9,1.11063674,5
2019-04-08 12:23:00,1554726180,301.1,302.0,301.1,302.0,301.8,81.7649,4
2019-04-08 12:22:00,1554726120,301.6,301.6,301.1,301.1,301.1,0.55762922,2
2019-04-08 12:21:00,1554726060,301.1,301.6,301.1,301.6,301.1,0.77709072,4
2019-04-08 12:20:00,1554726000,300.7,301.4,300.7,301.0,301.0,0.38723674,2
2019-04-08 12:19:00,1554725940,301.5,301.5,300.5,300.7,300.7,2.90262922,5
2019-04-08 12:18:00,1554725880,301.2,301.2,301.2,301.2,301.2,1.75,1
2019-04-08 12:17:00,1554725820,301.6,301.7,301.3,301.3,301.3,0.38723674,2
2019-04-08 12:16:00,1554725760,302.1,302.1,301.6,301.6,301.6,10.60400738,5
2019-04-08 12:15:00,1554725700,301.7,302.3,301.6,301.7,301.7,2.17272385,6
2019-04-08 12:14:00,1554725640,301.3,302.1,301.3,302.1,301.8,5.0,4
2019-04-08 12:13:00,1554725580,301.8,301.8,301.3,301.3,301.4,0.49586674,4
2019-04-08 12:12:00,1554725520,301.4,301.4,301.3,301.3,301.3,1.31458579,2
2019-04-08 12:11:00,1554725460,301.6,301.9,301.6,301.7,301.6,4.05262922,4
2019-04-08 12:10:00,1554725400,301.5,301.8,301.0,301.0,301.0,25.61423674,7
2019-04-08 12:09:00,1554725340,301.5,301.5,301.5,301.5,0.0,0.0,0
2019-04-08 12:08:00,1554725280,300.7,301.5,300.1,301.5,301.2,25.43623991,6
2019-04-08 12:07:00,1554725220,299.5,300.6,299.5,300.6,300.5,5.0,3
2019-04-08 12:06:00,1554725160,299.6,299.9,299.4,299.5,299.4,5.37723674,3
2019-04-08 12:05:00,1554725100,300.6,300.6,299.6,299.6,299.9,14.39499833,6
2019-04-08 12:04:00,1554725040,300.4,300.6,300.1,300.6,300.5,24.74762922,7
2019-04-08 12:03:00,1554724980,299.8,300.4,299.8,300.4,300.0,13.2372,5
2019-04-08 12:02:00,1554724920,299.0,299.9,299.0,299.3,299.1,9.65023674,8
2019-04-08 12:01:00,1554724860,296.6,299.3,296.6,298.8,299.0,21.85762922,10
2019-04-08 12:00:00,1554724800,296.8,296.8,296.6,296.6,296.7,3.0,4
2019-04-08 11:59:00,1554724740,298.5,298.5,297.3,297.3,297.8,10.6164018,8
2019-04-08 11:58:00,1554724680,298.6,299.2,298.6,298.9,298.8,13.93422857,8
2019-04-08 11:57:00,1554724620,299.0,299.0,298.0,298.0,298.4,0.62792922,3
2019-04-08 11:56:00,1554724560,298.8,299.3,298.8,299.0,299.2,8.88956872,5
2019-04-08 11:55:00,1554724500,299.2,299.3,298.8,298.8,299.1,15.27023674,10
2019-04-08 11:54:00,1554724440,298.3,299.0,298.3,298.9,298.7,96.9125992,12
2019-04-08 11:53:00,1554724380,296.6,298.1,296.6,297.8,298.0,1.55762922,3
2019-04-08 11:52:00,1554724320,297.3,297.3,296.5,296.6,296.9,96.21468415,12
2019-04-08 11:51:00,1554724260,298.4,298.4,297.0,297.0,297.3,32.52569069,11
2019-04-08 11:50:00,1554724200,298.5,298.5,298.0,298.5,298.4,56.19089718,23
2019-04-08 11:49:00,1554724140,299.1,299.1,298.5,298.5,298.7,6.0,2
2019-04-08 11:48:00,1554724080,299.5,299.5,299.0,299.0,299.0,0.38723674,2
2019-04-08 11:47:00,1554724020,299.5,299.5,299.0,299.0,299.2,2.353,2
2019-04-08 11:46:00,1554723960,300.2,300.2,299.6,299.6,300.0,0.55762922,2
2019-04-08 11:45:00,1554723900,300.5,300.8,300.2,300.8,300.6,20.64972323,6
2019-04-08 11:44:00,1554723840,299.9,300.9,299.9,300.4,300.4,0.38723674,2
2019-04-08 11:43:00,1554723780,300.3,300.3,299.9,299.9,300.2,0.55762922,2
2019-04-08 11:42:00,1554723720,299.8,300.8,299.8,300.0,300.2,51.48450925,22
2019-04-08 11:41:00,1554723660,300.6,300.8,299.3,299.3,300.0,27.40923674,16
2019-04-08 11:40:00,1554723600,301.0,301.0,300.7,300.7,300.7,1.30456192,3
2019-04-08 11:39:00,1554723540,301.0,301.6,301.0,301.0,301.2,1.70662922,5
2019-04-08 11:38:00,1554723480,302.0,302.0,301.0,301.0,301.6,7.533996,5
2019-04-08 11:37:00,1554723420,300.6,302.3,300.6,301.6,301.2,2.11623674,4
2019-04-08 11:36:00,1554723360,300.6,300.6,300.6,300.6,0.0,0.0,0
2019-04-08 11:35:00,1554723300,300.9,301.1,300.6,300.6,300.9,0.68419172,8
2019-04-08 11:34:00,1554723240,301.2,301.2,300.5,300.6,300.6,63.43645549,6
2019-04-08 11:33:00,1554723180,300.8,301.3,300.7,301.3,301.0,6.0745,7
2019-04-08 11:32:00,1554723120,300.3,301.3,300.0,301.3,300.8,3.5379984,6
2019-04-08 11:31:00,1554723060,298.6,300.0,298.4,300.0,299.0,55.49390841,8
2019-04-08 11:30:00,1554723000,297.9,298.2,296.8,298.2,297.6,108.36226271,26
2019-04-08 11:29:00,1554722940,295.7,298.7,295.7,298.4,297.5,107.66889525,30
2019-04-08 11:28:00,1554722880,296.3,296.4,295.7,295.7,296.1,6.19962922,10
2019-04-08 11:27:00,1554722820,297.3,297.3,296.2,296.6,296.7,9.7211,9
2019-04-08 11:26:00,1554722760,297.0,298.1,296.5,297.1,297.0,41.53593016,32
2019-04-08 11:25:00,1554722700,298.6,298.6,297.7,297.7,297.9,41.96262922,9
2019-04-08 11:24:00,1554722640,297.4,298.6,297.4,298.6,297.8,13.38468602,6
2019-04-08 11:23:00,1554722580,297.5,297.5,295.0,296.0,296.0,142.28592803,35
2019-04-08 11:22:00,1554722520,298.8,298.8,297.3,297.5,297.5,14.79888237,6
2019-04-08 11:21:00,1554722460,297.8,298.8,297.8,298.5,298.3,13.91172922,13
2019-04-08 11:20:00,1554722400,297.2,297.6,296.1,297.6,296.7,24.47053357,10
2019-04-08 11:19:00,1554722340,298.9,298.9,297.2,297.2,297.6,7.99565526,11
2019-04-08 11:18:00,1554722280,300.1,300.1,296.6,298.8,298.0,158.5080474,30
2019-04-08 11:17:00,1554722220,300.8,301.2,300.4,300.4,300.8,4.04142922,4
2019-04-08 11:16:00,1554722160,300.8,300.8,300.8,300.8,300.8,0.33943968,2
2019-04-08 11:15:00,1554722100,301.3,302.0,300.7,301.5,301.4,47.29559706,18
2019-04-08 11:14:00,1554722040,302.2,302.2,301.3,301.3,301.6,14.02,6
2019-04-08 11:13:00,1554721980,301.6,302.2,301.3,302.2,301.6,2.56262922,5
2019-04-08 11:12:00,1554721920,303.6,303.6,301.6,301.6,302.3,5.3901,5
2019-04-08 11:11:00,1554721860,300.7,302.9,300.7,302.9,302.8,47.78921375,8
2019-04-08 11:10:00,1554721800,301.4,301.4,300.7,300.7,300.9,19.568,8
2019-04-08 11:09:00,1554721740,300.0,301.9,300.0,300.4,300.4,30.8392047,19
2019-04-08 11:08:00,1554721680,298.4,299.9,298.4,299.7,298.8,58.59303082,23
2019-04-08 11:07:00,1554721620,298.9,299.7,298.6,298.6,299.0,49.12982614,11
2019-04-08 11:06:00,1554721560,299.7,299.7,298.9,298.9,299.3,12.30847772,7
2019-04-08 11:05:00,1554721500,299.3,299.7,299.3,299.7,299.6,1.3036,3
2019-04-08 11:04:00,1554721440,299.3,299.3,298.5,299.3,298.8,10.33852921,10
2019-04-08 11:03:00,1554721380,298.9,299.5,298.8,299.3,299.2,13.61415729,6
2019-04-08 11:02:00,1554721320,299.9,300.4,298.9,298.9,300.1,35.47523672,15
2019-04-08 11:01:00,1554721260,297.6,300.4,297.6,300.4,298.9,33.9357155,22
2019-04-08 11:00:00,1554721200,297.8,297.8,296.9,297.6,297.2,6.15656801,20
2019-04-08 10:59:00,1554721140,297.8,298.9,297.6,297.6,298.0,250.10338419,30
2019-04-08 10:58:00,1554721080,299.4,299.4,294.2,297.9,296.0,251.73187546,69
2019-04-08 10:57:00,1554721020,300.6,300.8,299.4,299.4,300.3,24.2552683,16
2019-04-08 10:56:00,1554720960,301.6,302.1,300.8,301.0,300.8,110.88932922,17
2019-04-08 10:55:00,1554720900,303.1,303.1,301.6,301.6,302.2,44.24978799,17
2019-04-08 10:54:00,1554720840,303.4,303.7,303.1,303.1,303.3,13.78631753,9
2019-04-08 10:53:00,1554720780,302.8,302.8,302.8,302.8,0.0,0.0,0
2019-04-08 10:52:00,1554720720,303.9,304.2,302.8,302.8,304.0,32.01814554,12
2019-04-08 10:51:00,1554720660,302.4,304.1,302.4,303.4,303.3,15.92623674,16
2019-04-08 10:50:00,1554720600,300.2,302.8,300.2,301.6,301.7,60.65775174,28
2019-04-08 10:49:00,1554720540,300.1,300.5,299.3,300.2,299.9,62.58521262,27
2019-04-08 10:48:00,1554720480,300.5,300.9,298.7,300.3,299.9,168.01216801,66
2019-04-08 10:47:00,1554720420,302.4,302.4,300.5,300.5,301.3,20.4783954,24
2019-04-08 10:46:00,1554720360,302.0,302.2,301.7,302.2,301.9,21.85169574,14
2019-04-08 10:45:00,1554720300,302.8,302.8,301.9,301.9,302.3,96.54762922,27
2019-04-08 10:44:00,1554720240,302.8,303.9,302.2,303.0,302.9,103.22856662,45
2019-04-08 10:43:00,1554720180,304.3,304.3,302.5,302.5,303.8,45.54249817,19
2019-04-08 10:42:00,1554720120,305.1,305.2,304.5,304.5,304.8,65.12704576,16
2019-04-08 10:41:00,1554720060,306.0,306.0,305.4,305.4,305.9,4.279645,4
2019-04-08 10:40:00,1554720000,306.1,306.1,305.8,306.0,305.8,22.74377929,8
2019-04-08 10:39:00,1554719940,305.9,306.1,305.9,306.1,305.9,1.518,2
2019-04-08 10:38:00,1554719880,306.2,306.2,305.9,305.9,306.1,5.27663674,3
2019-04-08 10:37:00,1554719820,306.5,306.5,306.0,306.1,306.3,0.73083661,3
2019-04-08 10:36:00,1554719760,306.2,306.5,306.1,306.5,306.4,3.85762922,6
2019-04-08 10:35:00,1554719700,306.3,306.8,306.0,306.2,306.1,51.52440896,10
2019-04-08 10:34:00,1554719640,306.2,306.7,306.2,306.3,306.3,0.38725983,4
2019-04-08 10:33:00,1554719580,306.7,306.7,306.1,306.2,306.4,5.73763082,7
2019-04-08 10:32:00,1554719520,305.4,306.0,305.4,306.0,305.6,23.40299389,19
2019-04-08 10:31:00,1554719460,305.4,305.6,305.2,305.2,305.3,18.20978193,14
2019-04-08 10:30:00,1554719400,305.6,305.6,305.3,305.5,305.4,5.42831611,5
2019-04-08 10:29:00,1554719340,305.4,305.6,305.4,305.6,305.4,5.16411438,7
2019-04-08 10:28:00,1554719280,305.9,305.9,305.5,305.8,305.7,36.86093427,15
2019-04-08 10:27:00,1554719220,306.7,306.7,306.1,306.1,306.6,2.79394584,6
2019-04-08 10:26:00,1554719160,306.8,306.8,306.8,306.8,0.0,0.0,0
2019-04-08 10:25:00,1554719100,307.2,307.2,306.8,306.8,307.1,2.19262922,3
2019-04-08 10:24:00,1554719040,307.3,307.3,307.3,307.3,307.3,0.171,1
2019-04-08 10:23:00,1554718980,307.3,307.3,307.1,307.1,307.1,0.38723674,3
2019-04-08 10:22:00,1554718920,308.1,308.1,307.3,307.3,307.3,205.79142922,6
2019-04-08 10:21:00,1554718860,306.8,307.4,306.8,307.4,307.2,33.215,5
2019-04-08 10:20:00,1554718800,308.0,308.0,304.9,306.9,305.6,238.32201674,30
2019-04-08 10:19:00,1554718740,308.4,308.4,308.4,308.4,0.0,0.0,0
2019-04-08 10:18:00,1554718680,308.7,308.8,308.4,308.4,308.6,0.55762922,3
2019-04-08 10:17:00,1554718620,308.7,309.0,308.7,309.0,309.0,2.48511768,4
2019-04-08 10:16:00,1554718560,308.4,309.2,308.4,308.7,308.8,0.19079546,2
2019-04-08 10:15:00,1554718500,308.0,308.4,308.0,308.4,308.4,0.78,1
2019-04-08 10:14:00,1554718440,308.4,308.5,308.0,308.0,308.0,4.53152796,5
2019-04-08 10:13:00,1554718380,309.0,309.0,308.4,308.4,308.5,0.20079546,3
2019-04-08 10:12:00,1554718320,308.9,309.0,308.9,309.0,308.9,0.0505,2
2019-04-08 10:11:00,1554718260,309.2,309.2,309.0,309.0,309.1,0.7540705,2
2019-04-08 10:10:00,1554718200,308.8,308.8,308.8,308.8,0.0,0.0,0
2019-04-08 10:09:00,1554718140,309.2,309.3,308.8,308.8,308.9,1.41979546,5
2019-04-08 10:08:00,1554718080,309.2,309.6,309.2,309.5,309.5,0.14526527,5
2019-04-08 10:07:00,1554718020,309.7,309.7,309.2,309.2,309.6,2.7055705,5
2019-04-08 10:06:00,1554717960,309.6,309.6,309.6,309.6,0.0,0.0,0
2019-04-08 10:05:00,1554717900,309.8,310.1,309.6,309.6,309.8,0.19079546,4
2019-04-08 10:04:00,1554717840,309.7,309.8,309.7,309.8,309.8,4.0,1
2019-04-08 10:03:00,1554717780,309.9,310.3,309.7,309.7,310.0,0.7540705,3
2019-04-08 10:02:00,1554717720,309.6,310.3,309.4,309.9,309.4,1.87369546,6
2019-04-08 10:01:00,1554717660,310.4,310.4,309.7,309.7,310.0,10.87860498,8
2019-04-08 10:00:00,1554717600,310.3,310.7,310.3,310.7,310.5,18.85387109,15
2019-04-08 09:59:00,1554717540,310.5,310.5,310.5,310.5,0.0,0.0,0
2019-04-08 09:58:00,1554717480,310.6,310.6,310.3,310.5,310.4,0.29079546,4
2019-04-08 09:57:00,1554717420,310.2,310.6,310.2,310.6,310.6,2.5803,2
2019-04-08 09:56:00,1554717360,310.0,310.6,310.0,310.2,310.5,7.8540705,7
2019-04-08 09:55:00,1554717300,309.9,309.9,309.9,309.9,0.0,0.0,0
2019-04-08 09:54:00,1554717240,310.3,310.4,309.9,309.9,310.2,4.53956909,8
2019-04-08 09:53:00,1554717180,310.4,310.4,310.3,310.3,310.3,0.7540705,3
2019-04-08 09:52:00,1554717120,310.3,310.4,310.3,310.4,310.4,0.303,2
2019-04-08 09:51:00,1554717060,310.4,310.4,310.3,310.3,310.3,0.19079546,2
2019-04-08 09:50:00,1554717000,310.3,310.3,310.3,310.3,0.0,0.0,0
2019-04-08 09:49:00,1554716940,309.9,310.4,309.9,310.3,310.3,0.7540705,3
2019-04-08 09:48:00,1554716880,309.9,309.9,309.9,309.9,0.0,0.0,0
2019-04-08 09:47:00,1554716820,310.5,310.5,309.9,309.9,310.0,0.19079546,3
2019-04-08 09:46:00,1554716760,309.7,309.7,309.7,309.7,0.0,0.0,0
2019-04-08 09:45:00,1554716700,310.0,310.5,309.7,309.7,310.1,0.7540705,3
2019-04-08 09:44:00,1554716640,310.0,310.0,309.9,310.0,309.9,0.9139984,5
2019-04-08 09:43:00,1554716580,309.9,309.9,309.9,309.9,0.0,0.0,0
2019-04-08 09:42:00,1554716520,309.7,310.2,309.7,309.9,310.0,0.7540705,3
2019-04-08 09:41:00,1554716460,309.7,309.7,309.7,309.7,0.0,0.0,0
2019-04-08 09:40:00,1554716400,310.4,310.4,309.7,309.7,309.9,0.19079546,3
2019-04-08 09:39:00,1554716340,310.2,310.2,310.2,310.2,310.2,8.28520417,13
2019-04-08 09:38:00,1554716280,310.3,310.3,310.1,310.1,310.1,4.75975308,7
2019-04-08 09:37:00,1554716220,310.6,310.7,310.3,310.3,310.5,4.60382522,7
2019-04-08 09:36:00,1554716160,310.3,310.7,310.3,310.6,310.6,0.19679546,3
2019-04-08 09:35:00,1554716100,310.3,310.6,310.1,310.2,310.5,47.85289632,8
2019-04-08 09:34:00,1554716040,310.3,310.3,310.3,310.3,310.3,0.1,1
2019-04-08 09:33:00,1554715980,309.6,309.7,309.5,309.5,309.5,0.19079546,3
2019-04-08 09:32:00,1554715920,309.6,309.6,309.6,309.6,309.6,0.1,1
2019-04-08 09:31:00,1554715860,309.1,309.7,309.1,309.2,309.5,1.37858637,5
2019-04-08 09:30:00,1554715800,309.1,309.1,309.1,309.1,0.0,0.0,0
2019-04-08 09:29:00,1554715740,308.9,309.5,308.9,309.1,309.2,0.19079546,2
2019-04-08 09:28:00,1554715680,309.1,309.1,308.9,308.9,308.9,1.042,1
2019-04-08 09:27:00,1554715620,308.8,309.1,308.3,309.1,308.8,9.9440705,9
2019-04-08 09:26:00,1554715560,308.6,308.9,308.6,308.8,308.8,3.33799546,7
2019-04-08 09:25:00,1554715500,309.2,309.2,308.6,308.6,308.7,35.35309549,13
2019-04-08 09:24:00,1554715440,309.3,309.3,309.2,309.2,309.2,3.0020705,5
2019-04-08 09:23:00,1554715380,309.2,309.2,309.2,309.2,0.0,0.0,0
2019-04-08 09:22:00,1554715320,308.8,309.4,308.8,309.2,309.2,0.19079546,2
2019-04-08 09:21:00,1554715260,308.8,308.8,308.8,308.8,0.0,0.0,0
2019-04-08 09:20:00,1554715200,308.7,309.1,308.7,308.8,308.9,0.7540705,2
2019-04-08 09:19:00,1554715140,308.7,308.7,308.7,308.7,0.0,0.0,0
2019-04-08 09:18:00,1554715080,309.4,309.4,308.7,308.7,308.8,0.19079546,3
2019-04-08 09:17:00,1554715020,309.8,309.9,309.4,309.4,309.6,0.7540705,3
2019-04-08 09:16:00,1554714960,309.8,309.8,309.2,309.2,309.2,0.1,2
2019-04-08 09:15:00,1554714900,308.5,309.8,308.5,309.8,309.4,0.51538705,4
2019-04-08 09:14:00,1554714840,308.5,308.5,308.5,308.5,0.0,0.0,0
2019-04-08 09:13:00,1554714780,308.7,309.2,308.5,308.5,308.8,5.9953705,6
2019-04-08 09:12:00,1554714720,308.7,308.7,308.7,308.7,0.0,0.0,0
2019-04-08 09:11:00,1554714660,309.4,309.4,308.7,308.7,308.8,0.19079546,2
2019-04-08 09:10:00,1554714600,309.4,309.4,309.4,309.4,309.4,4.66554944,3
2019-04-08 09:09:00,1554714540,309.8,309.9,309.5,309.5,309.7,0.7540705,2
2019-04-08 09:08:00,1554714480,309.8,309.8,309.8,309.8,309.8,0.0620016,1
2019-04-08 09:07:00,1554714420,309.2,310.1,309.2,309.5,309.6,0.19079546,2
2019-04-08 09:06:00,1554714360,309.9,309.9,309.2,309.2,309.6,0.7540705,4
2019-04-08 09:05:00,1554714300,309.7,309.7,309.3,309.3,309.4,7.5334,6
2019-04-08 09:04:00,1554714240,309.8,309.8,309.4,309.6,309.6,1.58836448,6
2019-04-08 09:03:00,1554714180,309.1,310.0,309.1,310.0,309.9,5.33004851,9
2019-04-08 09:02:00,1554714120,309.0,309.6,309.0,309.1,309.1,2.0280705,3
2019-04-08 09:01:00,1554714060,308.7,309.0,308.7,309.0,308.8,6.01781816,7
2019-04-08 09:00:00,1554714000,308.1,308.5,308.0,308.0,308.1,0.19079546,2
2019-04-08 08:59:00,1554713940,308.1,308.1,308.1,308.1,0.0,0.0,0
2019-04-08 08:58:00,1554713880,308.1,308.6,308.1,308.1,308.3,0.8290705,3
2019-04-08 08:57:00,1554713820,307.8,308.5,307.8,307.8,307.9,0.19079546,2
2019-04-08 08:56:00,1554713760,307.8,307.8,307.8,307.8,0.0,0.0,0
2019-04-08 08:55:00,1554713700,308.4,308.4,307.8,307.8,308.1,0.7540705,3
2019-04-08 08:54:00,1554713640,307.9,307.9,307.9,307.9,0.0,0.0,0
2019-04-08 08:53:00,1554713580,308.7,308.7,307.9,307.9,308.2,0.19079546,3
2019-04-08 08:52:00,1554713520,308.1,308.1,308.1,308.1,0.0,0.0,0
2019-04-08 08:51:00,1554713460,309.1,309.1,307.9,308.1,308.7,34.9381245,14
2019-04-08 08:50:00,1554713400,309.0,309.1,309.0,309.1,309.0,0.47413696,2
2019-04-08 08:49:00,1554713340,308.5,309.5,308.5,309.0,308.8,5.19079546,4
2019-04-08 08:48:00,1554713280,308.8,309.2,308.5,308.5,308.8,49.45643968,17
2019-04-08 08:47:00,1554713220,308.8,308.8,308.8,308.8,308.8,0.1,1
2019-04-08 08:46:00,1554713160,309.0,309.0,308.4,308.8,308.6,16.6108943,22
2019-04-08 08:45:00,1554713100,307.3,308.7,307.3,308.7,308.5,9.87,2
2019-04-08 08:44:00,1554713040,306.9,308.1,306.9,307.3,307.7,21.08250256,13
2019-04-08 08:43:00,1554712980,307.6,307.8,306.8,306.9,307.0,61.95729962,23
2019-04-08 08:42:00,1554712920,306.3,307.6,305.6,307.4,306.6,76.01209507,33
2019-04-08 08:41:00,1554712860,306.4,306.5,305.6,306.3,306.2,38.471227,14
2019-04-08 08:40:00,1554712800,304.7,306.0,304.3,306.0,305.2,93.41839104,27
2019-04-08 08:39:00,1554712740,306.9,306.9,304.5,304.6,305.4,25.4136984,23
2019-04-08 08:38:00,1554712680,307.1,307.7,307.1,307.6,307.1,17.2410867,5
2019-04-08 08:37:00,1554712620,308.0,308.0,307.3,307.3,307.5,0.7540705,2
2019-04-08 08:36:00,1554712560,308.1,308.1,307.9,308.0,307.9,6.00316,2
2019-04-08 08:35:00,1554712500,307.8,308.4,307.8,308.1,308.0,18.71699706,8
2019-04-08 08:34:00,1554712440,307.9,307.9,307.9,307.9,0.0,0.0,0
2019-04-08 08:33:00,1554712380,308.7,309.0,307.8,307.9,308.3,2.99491386,7
2019-04-08 08:32:00,1554712320,309.1,309.1,308.7,308.7,308.7,9.19,4
2019-04-08 08:31:00,1554712260,309.2,309.4,309.1,309.1,309.1,0.19079546,2
2019-04-08 08:30:00,1554712200,309.9,309.9,309.2,309.2,309.5,0.7540705,2
2019-04-08 08:29:00,1554712140,308.8,309.5,308.8,309.5,309.5,0.38091458,1
2019-04-08 08:28:00,1554712080,308.3,308.8,308.2,308.8,308.7,1.16229804,5
2019-04-08 08:27:00,1554712020,309.0,309.0,308.3,308.3,308.3,3.06833636,5
2019-04-08 08:26:00,1554711960,308.9,309.0,308.3,308.3,308.3,5.7440705,4
2019-04-08 08:25:00,1554711900,308.7,308.7,308.1,308.1,308.1,7.9439,7
2019-04-08 08:24:00,1554711840,308.4,308.7,307.8,308.7,308.1,19.61188226,8
2019-04-08 08:23:00,1554711780,308.0,308.4,307.1,308.4,307.6,38.1868,20
2019-04-08 08:22:00,1554711720,308.3,308.5,307.9,308.1,308.1,39.23598182,20
2019-04-08 08:21:00,1554711660,308.2,308.3,308.2,308.3,308.2,1.2081,3
2019-04-08 08:20:00,1554711600,307.7,308.5,307.7,307.9,307.7,2.19079546,3
2019-04-08 08:19:00,1554711540,308.4,308.4,307.9,308.3,308.0,23.8862,11
2019-04-08 08:18:00,1554711480,308.6,309.1,308.4,308.4,308.9,6.8110705,6
2019-04-08 08:17:00,1554711420,308.7,308.9,308.3,308.9,308.5,0.25559546,3
2019-04-08 08:16:00,1554711360,307.6,307.6,307.6,307.6,0.0,0.0,0
2019-04-08 08:15:00,1554711300,308.0,308.1,307.6,307.6,307.9,2.45897078,6
2019-04-08 08:14:00,1554711240,308.3,308.3,307.8,308.0,308.0,3.2090016,7
2019-04-08 08:13:00,1554711180,310.7,310.7,307.8,308.3,309.7,219.42380711,24
2019-04-08 08:12:00,1554711120,310.7,310.8,310.4,310.7,310.5,17.80626641,8
2019-04-08 08:11:00,1554711060,312.0,312.0,311.1,311.2,311.2,1.9540705,5
2019-04-08 08:10:00,1554711000,311.7,312.0,311.7,312.0,312.0,0.5688,1
2019-04-08 08:09:00,1554710940,312.0,312.4,311.7,311.7,311.8,0.19079546,2
2019-04-08 08:08:00,1554710880,311.8,312.2,311.6,312.0,311.9,13.3540705,12
2019-04-08 08:07:00,1554710820,311.4,311.4,311.4,311.4,0.0,0.0,0
2019-04-08 08:06:00,1554710760,311.4,311.8,311.4,311.4,311.4,0.28837895,3
2019-04-08 08:05:00,1554710700,312.0,312.0,311.7,311.7,311.8,1.10257045,4
2019-04-08 08:04:00,1554710640,312.8,312.8,312.0,312.0,312.2,0.7540705,3
2019-04-08 08:03:00,1554710580,312.4,312.8,312.4,312.8,312.8,0.0639,1
2019-04-08 08:02:00,1554710520,312.4,313.1,312.3,312.4,312.8,36.53183386,21
2019-04-08 08:01:00,1554710460,312.6,312.7,312.6,312.7,312.6,104.99,2
2019-04-08 08:00:00,1554710400,312.0,312.4,312.0,312.0,312.2,0.8140705,3
2019-04-08 07:59:00,1554710340,312.4,312.4,311.8,312.3,311.8,5.02789546,9
2019-04-08 07:58:00,1554710280,311.6,312.1,311.6,312.1,311.8,1.40984658,2
2019-04-08 07:57:00,1554710220,312.6,312.6,311.6,311.6,312.0,1.01467626,5
2019-04-08 07:56:00,1554710160,312.7,312.7,312.6,312.6,312.6,0.01039424,1
2019-04-08 07:55:00,1554710100,312.9,313.3,312.7,312.7,312.8,0.19079546,2
2019-04-08 07:54:00,1554710040,312.9,312.9,312.9,312.9,0.0,0.0,0
2019-04-08 07:53:00,1554709980,312.7,313.7,312.7,312.9,313.1,32.45859227,10
2019-04-08 07:52:00,1554709920,312.4,312.7,312.4,312.7,312.4,1.7,2
2019-04-08 07:51:00,1554709860,311.0,312.5,311.0,311.9,312.1,0.29079546,3
2019-04-08 07:50:00,1554709800,311.1,311.4,311.0,311.0,311.2,0.7540705,2
2019-04-08 07:49:00,1554709740,311.1,311.1,311.1,311.1,311.1,2.0,1
2019-04-08 07:48:00,1554709680,311.6,311.6,311.0,311.1,311.1,0.20129897,3
2019-04-08 07:47:00,1554709620,310.4,310.4,310.4,310.4,0.0,0.0,0
2019-04-08 07:46:00,1554709560,311.1,311.1,310.4,310.4,310.8,1.2540705,3
2019-04-08 07:45:00,1554709500,309.5,311.0,309.5,311.0,309.9,35.07776801,13
2019-04-08 07:44:00,1554709440,309.8,310.0,309.8,309.9,309.9,0.24462124,3
2019-04-08 07:43:00,1554709380,310.8,310.8,309.8,309.8,310.4,9.634,10
2019-04-08 07:42:00,1554709320,311.4,311.5,311.1,311.1,311.3,0.7540705,2
2019-04-08 07:41:00,1554709260,311.8,312.2,311.4,311.4,311.6,0.19079546,2
2019-04-08 07:40:00,1554709200,311.8,311.8,311.8,311.8,0.0,0.0,0
2019-04-08 07:39:00,1554709140,312.0,312.0,311.3,311.8,311.7,18.7350705,9
2019-04-08 07:38:00,1554709080,311.7,311.7,311.6,311.6,311.6,8.46417712,3
2019-04-08 07:37:00,1554709020,311.6,312.0,311.6,311.7,311.7,0.19079546,2
2019-04-08 07:36:00,1554708960,311.6,311.6,311.6,311.6,0.0,0.0,0
2019-04-08 07:35:00,1554708900,311.6,311.9,311.6,311.6,311.6,6.2590705,5
2019-04-08 07:34:00,1554708840,311.6,312.2,311.6,312.1,311.9,10.98999706,9
2019-04-08 07:33:00,1554708780,311.7,312.5,311.4,311.4,311.6,48.89945503,16
2019-04-08 07:32:00,1554708720,312.2,312.2,311.5,311.7,311.8,0.7611705,3
2019-04-08 07:31:00,1554708660,310.5,311.3,310.2,311.3,310.4,5.7,4
2019-04-08 07:30:00,1554708600,309.4,310.3,309.4,310.0,309.9,22.28529321,18
2019-04-08 07:29:00,1554708540,309.2,310.0,309.1,309.4,309.5,58.49439863,30
2019-04-08 07:28:00,1554708480,308.8,309.7,308.6,309.2,309.2,161.47613591,38
2019-04-08 07:27:00,1554708420,309.2,309.9,308.4,309.1,309.0,93.76901004,49
2019-04-08 07:26:00,1554708360,309.9,309.9,309.2,309.3,309.6,8.06021232,7
2019-04-08 07:25:00,1554708300,310.1,310.2,309.8,309.8,310.0,19.6455,6
2019-04-08 07:24:00,1554708240,310.5,310.5,310.1,310.1,310.3,0.7540705,2
2019-04-08 07:23:00,1554708180,310.6,310.7,310.0,310.1,310.4,11.33379546,6
2019-04-08 07:22:00,1554708120,310.1,310.8,309.5,310.8,310.3,42.99939685,15
2019-04-08 07:21:00,1554708060,309.4,310.1,308.9,310.1,310.0,112.59375222,7
2019-04-08 07:20:00,1554708000,307.9,309.6,307.9,309.4,309.2,95.68656179,29
2019-04-08 07:19:00,1554707940,308.9,309.0,307.9,307.9,308.6,1.1835013,7
2019-04-08 07:18:00,1554707880,309.4,309.7,309.1,309.5,309.5,3.02399397,5
2019-04-08 07:17:00,1554707820,308.5,309.4,308.5,309.4,308.8,18.48198488,14
2019-04-08 07:16:00,1554707760,307.2,308.6,307.2,307.7,308.2,19.38349253,7
2019-04-08 07:15:00,1554707700,307.0,308.0,306.8,307.2,307.0,41.38527126,24
2019-04-08 07:14:00,1554707640,307.0,307.2,306.6,307.2,307.0,3.49085019,5
2019-04-08 07:13:00,1554707580,304.5,308.3,302.7,308.2,305.4,752.91225299,170
2019-04-08 07:12:00,1554707520,307.0,307.0,304.5,304.6,305.3,205.93094008,67
2019-04-08 07:11:00,1554707460,307.8,307.9,307.0,307.1,307.5,50.67893243,15
2019-04-08 07:10:00,1554707400,309.9,309.9,307.8,307.8,308.6,55.01107985,35
2019-04-08 07:09:00,1554707340,311.1,311.1,309.2,311.0,310.8,463.68601971,67
2019-04-08 07:08:00,1554707280,312.2,312.2,311.1,311.1,311.6,25.58208794,20
2019-04-08 07:07:00,1554707220,312.6,312.6,312.2,312.2,312.5,5.54275806,3
2019-04-08 07:06:00,1554707160,312.8,312.8,312.6,312.6,312.6,0.86169158,3
2019-04-08 07:05:00,1554707100,312.8,312.8,312.8,312.8,312.8,0.52080886,2
2019-04-08 07:04:00,1554707040,313.3,313.3,312.9,312.9,312.9,0.05279706,1
2019-04-08 07:03:00,1554706980,313.7,313.7,313.1,313.3,313.3,20.7058405,13
2019-04-08 07:02:00,1554706920,314.0,314.1,313.4,314.1,313.7,18.30046287,8
2019-04-08 07:01:00,1554706860,314.2,314.2,314.0,314.0,314.0,0.66656849,3
2019-04-08 07:00:00,1554706800,314.4,314.5,314.4,314.5,314.5,0.577,1
2019-04-08 06:59:00,1554706740,314.6,314.8,314.4,314.4,314.4,5.4195705,3
2019-04-08 06:58:00,1554706680,314.6,314.6,314.6,314.6,314.6,5.0,3
2019-04-08 06:57:00,1554706620,314.7,314.7,314.4,314.4,314.6,1.23717773,3
2019-04-08 06:56:00,1554706560,314.8,314.8,314.7,314.7,314.7,5.22999739,5
2019-04-08 06:55:00,1554706500,314.8,314.8,314.7,314.7,314.7,2.11391394,7
2019-04-08 06:54:00,1554706440,314.9,314.9,314.8,314.8,314.8,0.19079546,2
2019-04-08 06:53:00,1554706380,314.0,314.0,314.0,314.0,0.0,0.0,0
2019-04-08 06:52:00,1554706320,314.2,314.5,314.0,314.0,314.2,0.7540705,2
2019-04-08 06:51:00,1554706260,314.2,314.2,314.2,314.2,0.0,0.0,0
2019-04-08 06:50:00,1554706200,314.2,314.7,314.2,314.2,314.6,4.97629546,8
2019-04-08 06:49:00,1554706140,314.2,314.2,314.2,314.2,0.0,0.0,0
2019-04-08 06:48:00,1554706080,313.8,314.6,313.8,314.2,314.2,2.5050705,4
2019-04-08 06:47:00,1554706020,313.3,313.4,312.8,313.4,313.1,0.37779546,3
2019-04-08 06:46:00,1554705960,312.8,312.9,312.8,312.9,312.8,11.06894444,3
2019-04-08 06:45:00,1554705900,312.9,312.9,312.8,312.8,312.8,1.61963082,3
2019-04-08 06:44:00,1554705840,312.9,312.9,312.9,312.9,312.9,2.8620016,6
2019-04-08 06:43:00,1554705780,313.3,313.3,312.8,312.8,312.9,0.19079546,2
2019-04-08 06:42:00,1554705720,313.9,313.9,313.3,313.3,313.3,1.205,1
2019-04-08 06:41:00,1554705660,313.0,314.0,313.0,313.9,313.8,2.72671274,5
2019-04-08 06:40:00,1554705600,313.1,313.2,312.5,313.0,312.8,38.74370572,21
2019-04-08 06:39:00,1554705540,313.5,313.8,313.1,313.1,313.5,20.67689546,8
2019-04-08 06:38:00,1554705480,313.6,314.0,312.8,313.5,313.7,131.6288653,33
2019-04-08 06:37:00,1554705420,314.1,314.2,313.6,313.6,313.9,11.42853928,9
2019-04-08 06:36:00,1554705360,314.2,314.2,314.2,314.2,314.2,5.31826861,5
2019-04-08 06:35:00,1554705300,313.6,314.3,313.6,313.8,313.7,2.34379546,5
2019-04-08 06:34:00,1554705240,313.6,313.6,313.6,313.6,0.0,0.0,0
2019-04-08 06:33:00,1554705180,314.1,314.1,313.6,313.6,313.6,0.95423791,6
2019-04-08 06:32:00,1554705120,314.8,314.8,314.0,314.0,314.0,8.39791546,7
2019-04-08 06:31:00,1554705060,315.0,315.0,314.8,314.8,314.8,2.5681634,6
2019-04-08 06:30:00,1554705000,315.0,315.0,314.3,314.8,314.9,3.24420791,7
2019-04-08 06:29:00,1554704940,315.0,315.0,315.0,315.0,315.0,4.25299808,4
2019-04-08 06:28:00,1554704880,315.2,315.2,315.0,315.0,315.0,0.41223674,3
2019-04-08 06:27:00,1554704820,315.2,315.2,315.2,315.2,0.0,0.0,0
2019-04-08 06:26:00,1554704760,315.1,315.3,315.1,315.2,315.2,0.57362922,3
2019-04-08 06:25:00,1554704700,315.1,315.1,315.1,315.1,0.0,0.0,0
2019-04-08 06:24:00,1554704640,315.0,315.3,314.6,315.1,314.8,18.39123674,14
2019-04-08 06:23:00,1554704580,315.4,315.4,315.4,315.4,315.4,1.65410128,2
2019-04-08 06:22:00,1554704520,315.4,315.8,315.4,315.4,315.5,0.76466922,6
2019-04-08 06:21:00,1554704460,315.8,315.8,315.2,315.2,315.2,0.38723674,2
2019-04-08 06:20:00,1554704400,315.9,315.9,315.9,315.9,315.9,3.0533325,1
2019-04-08 06:19:00,1554704340,316.4,316.4,315.9,315.9,316.1,0.55762922,2
2019-04-08 06:18:00,1554704280,316.4,316.4,316.4,316.4,316.4,0.021,1
2019-04-08 06:17:00,1554704220,315.3,316.0,315.3,316.0,315.9,1.33443968,8
2019-04-08 06:16:00,1554704160,315.5,315.5,315.0,315.3,315.1,10.002,14
2019-04-08 06:15:00,1554704100,316.1,316.1,315.2,315.2,315.9,10.90566101,6
2019-04-08 06:14:00,1554704040,316.3,316.3,316.3,316.3,0.0,0.0,0
2019-04-08 06:13:00,1554703980,316.7,316.7,316.1,316.3,316.6,5.40523674,4
2019-04-08 06:12:00,1554703920,317.1,317.1,316.7,316.7,317.0,0.55762922,2
2019-04-08 06:11:00,1554703860,316.3,316.3,316.3,316.3,316.3,0.008,1
2019-04-08 06:10:00,1554703800,316.8,316.8,316.3,316.3,316.3,2.05490781,4
2019-04-08 06:09:00,1554703740,316.5,316.8,316.2,316.8,316.5,38.4074,14
2019-04-08 06:08:00,1554703680,317.0,317.0,316.5,316.5,316.7,17.32665436,12
2019-04-08 06:07:00,1554703620,317.0,317.0,317.0,317.0,0.0,0.0,0
2019-04-08 06:06:00,1554703560,316.8,317.5,316.8,317.0,316.9,1.4466298,7
2019-04-08 06:05:00,1554703500,317.0,317.0,316.7,316.7,316.9,3.43024674,3
2019-04-08 06:04:00,1554703440,317.1,317.1,317.0,317.0,317.0,1.03675294,3
2019-04-08 06:03:00,1554703380,316.7,317.4,316.3,317.4,316.3,0.55342809,4
2019-04-08 06:02:00,1554703320,316.3,316.3,316.3,316.3,0.0,0.0,0
2019-04-08 06:01:00,1554703260,316.4,316.7,316.3,316.3,316.5,11.57862922,9
2019-04-08 06:00:00,1554703200,316.7,316.7,316.4,316.4,316.4,12.642,9
2019-04-08 05:59:00,1554703140,316.3,316.7,316.3,316.7,316.6,3.89042983,6
2019-04-08 05:58:00,1554703080,316.3,316.3,316.3,316.3,316.3,0.1,1
2019-04-08 05:57:00,1554703020,315.5,316.3,315.5,316.2,316.1,0.55962922,3
2019-04-08 05:56:00,1554702960,315.4,316.1,315.4,315.5,315.7,4.30097862,5
2019-04-08 05:55:00,1554702900,315.8,315.8,315.4,315.4,315.6,6.57267674,10
2019-04-08 05:54:00,1554702840,316.0,316.0,315.7,315.8,315.8,1.56462922,4
2019-04-08 05:53:00,1554702780,315.4,315.4,315.4,315.4,0.0,0.0,0
2019-04-08 05:52:00,1554702720,315.7,315.7,315.4,315.4,315.4,0.38723674,2
2019-04-08 05:51:00,1554702660,315.7,315.7,315.7,315.7,0.0,0.0,0
2019-04-08 05:50:00,1554702600,315.6,316.0,315.6,315.7,315.7,5.29349218,8
2019-04-08 05:49:00,1554702540,314.9,316.2,314.9,315.6,315.7,51.98615114,23
2019-04-08 05:48:00,1554702480,314.7,314.9,314.4,314.9,314.7,7.51809343,11
2019-04-08 05:47:00,1554702420,314.3,314.3,314.3,314.3,0.0,0.0,0
2019-04-08 05:46:00,1554702360,314.5,314.9,314.3,314.3,314.6,0.95762922,7
2019-04-08 05:45:00,1554702300,314.8,314.8,314.6,314.6,314.7,4.33420706,5
2019-04-08 05:44:00,1554702240,314.9,314.9,314.6,314.9,314.8,7.91618,8
2019-04-08 05:43:00,1554702180,315.2,315.3,314.8,315.2,315.1,5.57162922,6
2019-04-08 05:42:00,1554702120,315.5,315.5,315.5,315.5,315.5,0.25925925,1
2019-04-08 05:41:00,1554702060,315.8,315.8,315.4,315.5,315.5,0.48563674,4
2019-04-08 05:40:00,1554702000,316.4,316.4,315.2,315.2,315.2,1.069,1
2019-04-08 05:39:00,1554701940,315.9,316.4,315.3,316.4,316.1,1.75762922,3
2019-04-08 05:38:00,1554701880,315.3,315.3,315.3,315.3,0.0,0.0,0
2019-04-08 05:37:00,1554701820,315.6,315.6,315.3,315.3,315.4,0.61480296,3
2019-04-08 05:36:00,1554701760,315.4,315.6,315.3,315.6,315.4,1.75762922,4
2019-04-08 05:35:00,1554701700,315.3,315.4,315.3,315.4,315.4,0.15,1
2019-04-08 05:34:00,1554701640,315.9,315.9,314.9,315.3,315.6,32.46428058,18
2019-04-08 05:33:00,1554701580,315.2,316.0,315.2,315.8,315.5,34.58550738,18
2019-04-08 05:32:00,1554701520,315.4,315.4,314.8,314.8,315.2,0.55762922,2
2019-04-08 05:31:00,1554701460,314.7,315.3,314.7,315.3,315.3,0.32574508,1
2019-04-08 05:30:00,1554701400,314.9,315.3,314.7,314.7,314.7,0.38723674,2
2019-04-08 05:29:00,1554701340,315.3,315.3,314.9,314.9,315.0,2.70167635,3
2019-04-08 05:28:00,1554701280,315.4,315.8,315.2,315.3,315.2,6.1516984,7
2019-04-08 05:27:00,1554701220,316.4,316.4,315.3,315.4,315.4,0.45005971,4
2019-04-08 05:26:00,1554701160,316.0,316.4,315.9,316.4,315.9,4.54213194,3
2019-04-08 05:25:00,1554701100,316.5,316.7,315.8,315.9,316.0,18.51092921,18
2019-04-08 05:24:00,1554701040,316.1,316.6,316.1,316.6,316.6,0.02,1
2019-04-08 05:23:00,1554700980,314.9,316.7,314.9,316.1,316.3,9.43451528,10
2019-04-08 05:22:00,1554700920,314.9,314.9,314.9,314.9,0.0,0.0,0
2019-04-08 05:21:00,1554700860,315.4,315.9,314.9,314.9,315.6,24.28658169,14
2019-04-08 05:20:00,1554700800,314.6,315.2,314.5,315.2,314.8,26.54471178,14
2019-04-08 05:19:00,1554700740,315.8,315.8,314.8,314.8,315.2,10.84448019,8
2019-04-08 05:18:00,1554700680,316.4,316.4,316.0,316.0,316.3,0.55762922,3
2019-04-08 05:17:00,1554700620,316.8,316.8,316.2,316.2,316.2,5.0,2
2019-04-08 05:16:00,1554700560,316.9,317.5,316.8,316.8,316.8,0.38723674,4
2019-04-08 05:15:00,1554700500,316.8,316.9,316.8,316.9,316.9,0.13321257,1
2019-04-08 05:14:00,1554700440,316.8,317.1,316.8,316.8,317.0,0.55762922,3
2019-04-08 05:13:00,1554700380,316.8,316.8,316.8,316.8,316.8,3.7839016,6
2019-04-08 05:12:00,1554700320,317.2,317.2,316.5,316.5,316.5,12.61476403,6
2019-04-08 05:11:00,1554700260,318.0,318.0,317.2,317.2,317.7,4.77422485,7
2019-04-08 05:10:00,1554700200,319.0,319.0,318.0,318.0,318.9,51.75218954,7
2019-04-08 05:09:00,1554700140,319.0,319.1,319.0,319.0,319.0,51.68723674,13
2019-04-08 05:08:00,1554700080,319.0,319.0,319.0,319.0,0.0,0.0,0
2019-04-08 05:07:00,1554700020,318.8,319.1,318.8,319.0,319.0,0.77162922,3
2019-04-08 05:06:00,1554699960,318.8,318.8,318.8,318.8,0.0,0.0,0
2019-04-08 05:05:00,1554699900,319.0,319.0,318.8,318.8,318.8,0.38723674,3
2019-04-08 05:04:00,1554699840,319.0,319.1,318.7,319.1,318.9,18.96522973,7
2019-04-08 05:03:00,1554699780,318.9,319.1,318.9,319.0,319.0,1.54577435,5
2019-04-08 05:02:00,1554699720,318.3,318.9,318.3,318.9,318.9,0.0627,1
2019-04-08 05:01:00,1554699660,319.4,319.4,318.3,318.3,318.9,15.55222514,9
2019-04-08 05:00:00,1554699600,320.1,320.1,319.4,319.4,319.4,2.1479984,3
2019-04-08 04:59:00,1554699540,319.5,320.1,319.5,320.1,320.1,2.0,1
2019-04-08 04:58:00,1554699480,319.6,319.8,319.5,319.5,319.5,1.38723674,3
2019-04-08 04:57:00,1554699420,319.4,319.7,319.4,319.6,319.5,9.6401,5
2019-04-08 04:56:00,1554699360,318.4,319.1,318.4,318.6,318.9,0.55762922,2
2019-04-08 04:55:00,1554699300,318.4,318.4,318.4,318.4,0.0,0.0,0
2019-04-08 04:54:00,1554699240,318.4,318.7,318.4,318.4,318.4,0.61723674,4
2019-04-08 04:53:00,1554699180,318.5,318.5,318.0,318.0,318.3,0.55762922,2
2019-04-08 04:52:00,1554699120,318.3,318.4,318.0,318.0,318.1,2.50764182,5
2019-04-08 04:51:00,1554699060,318.4,318.4,317.9,317.9,318.0,0.43123674,3
2019-04-08 04:50:00,1554699000,318.3,318.3,318.3,318.3,318.3,0.13201784,1
2019-04-08 04:49:00,1554698940,318.9,318.9,318.3,318.6,318.7,10.17629432,5
2019-04-08 04:48:00,1554698880,319.0,319.3,319.0,319.3,319.0,3.1016,3
2019-04-08 04:47:00,1554698820,320.2,320.2,319.4,319.4,319.4,8.45323674,6
2019-04-08 04:46:00,1554698760,319.5,320.2,319.5,320.2,319.9,8.036,9
2019-04-08 04:45:00,1554698700,319.6,319.6,319.3,319.3,319.3,5.20934322,7
2019-04-08 04:44:00,1554698640,319.2,319.6,319.2,319.6,319.2,2.12,3
2019-04-08 04:43:00,1554698580,319.3,319.4,318.9,318.9,319.2,6.59723674,5
2019-04-08 04:42:00,1554698520,319.3,319.3,319.3,319.3,319.3,0.00556032,1
2019-04-08 04:41:00,1554698460,319.6,319.6,318.9,318.9,319.5,21.60419922,10
2019-04-08 04:40:00,1554698400,318.7,318.7,318.7,318.7,318.7,3.0,1
2019-04-08 04:39:00,1554698340,318.6,318.6,318.4,318.4,318.4,8.89372674,6
2019-04-08 04:38:00,1554698280,317.6,318.4,317.6,318.4,318.4,2.0,1
2019-04-08 04:37:00,1554698220,317.2,318.1,317.1,317.6,317.2,73.07597322,31
2019-04-08 04:36:00,1554698160,317.2,317.2,317.1,317.1,317.1,33.64950737,17
2019-04-08 04:35:00,1554698100,316.3,317.0,316.3,317.0,316.9,6.71667117,11
2019-04-08 04:34:00,1554698040,316.6,316.8,316.3,316.3,316.6,0.64082922,4
