dtime,time,open,high,low,close,volume
2019-04-08 17:19:00,1554743940,303.6,303.6,303.6,303.6,0.0
2019-04-08 17:18:00,1554743880,303.6,303.6,303.6,303.6,0.0
2019-04-08 17:17:00,1554743820,303.4,303.6,303.4,303.6,1.049395
2019-04-08 17:16:00,1554743760,303.4,303.4,303.2,303.2,0.1494
2019-04-08 17:15:00,1554743700,303.7,303.7,303.4,303.4,0.156
2019-04-08 17:14:00,1554743640,303.6,303.7,303.6,303.7,4.32916
2019-04-08 17:13:00,1554743580,303.6,303.6,303.6,303.6,4.0
2019-04-08 17:12:00,1554743520,303.9,303.9,303.8,303.8,1.77693294
2019-04-08 17:11:00,1554743460,303.9,304.5,303.8,304.1,17.7486092
2019-04-08 17:10:00,1554743400,303.8,303.9,302.9,303.3,14.39081765
2019-04-08 17:09:00,1554743340,304.3,304.3,304.3,304.3,0.1
2019-04-08 17:08:00,1554743280,304.3,304.4,304.1,304.4,5.94199997
2019-04-08 17:07:00,1554743220,304.0,304.3,303.8,304.3,0.39079546
2019-04-08 17:06:00,1554743160,304.1,304.1,304.0,304.0,0.9884
2019-04-08 17:05:00,1554743100,304.7,304.7,304.1,304.1,20.5720705
2019-04-08 17:04:00,1554743040,305.2,305.4,304.6,304.7,110.18644688
2019-04-08 17:03:00,1554742980,305.0,308.1,305.0,305.1,520.17079546
2019-04-08 17:02:00,1554742920,305.0,305.5,304.9,305.1,48.1570705
2019-04-08 17:01:00,1554742860,304.8,305.0,304.6,304.8,1.6931587
2019-04-08 17:00:00,1554742800,304.6,305.2,304.6,304.8,4.4281482
2019-04-08 16:59:00,1554742740,304.6,304.6,304.6,304.6,0.0
2019-04-08 16:58:00,1554742680,304.2,304.7,304.2,304.6,7.5340705
2019-04-08 16:57:00,1554742620,303.9,304.2,303.9,304.2,11.29589858
2019-04-08 16:56:00,1554742560,304.2,304.5,303.9,303.9,24.41980464
2019-04-08 16:55:00,1554742500,304.2,304.2,304.2,304.2,0.0
2019-04-08 16:54:00,1554742440,303.3,304.2,303.1,304.2,14.3444905
2019-04-08 16:53:00,1554742380,303.5,304.2,303.1,303.1,19.096
2019-04-08 16:52:00,1554742320,305.0,305.0,303.5,303.5,0.19079546
2019-04-08 16:51:00,1554742260,305.2,305.2,304.8,305.0,1.4120705
2019-04-08 16:50:00,1554742200,305.2,305.2,305.2,305.2,0.0
2019-04-08 16:49:00,1554742140,304.3,305.4,304.3,305.2,0.19079546
2019-04-08 16:48:00,1554742080,305.5,305.5,304.3,304.3,50.13
2019-04-08 16:47:00,1554742020,305.0,305.5,305.0,305.0,1.75379846
2019-04-08 16:46:00,1554741960,305.0,305.0,305.0,305.0,0.00027204
2019-04-08 16:45:00,1554741900,304.2,305.3,304.2,304.6,0.27116464
2019-04-08 16:44:00,1554741840,304.2,304.2,304.2,304.2,0.0
2019-04-08 16:43:00,1554741780,304.5,304.5,304.2,304.2,0.7540705
2019-04-08 16:42:00,1554741720,304.9,304.9,304.9,304.9,1.6048516
2019-04-08 16:41:00,1554741660,305.0,305.3,304.9,304.9,11.19079546
2019-04-08 16:40:00,1554741600,305.0,305.4,304.2,305.0,127.42431863
2019-04-08 16:39:00,1554741540,305.0,305.2,304.7,305.2,22.66935901
2019-04-08 16:38:00,1554741480,305.1,306.1,305.0,305.0,26.31316648
2019-04-08 16:37:00,1554741420,304.9,305.1,304.6,304.9,9.268
2019-04-08 16:36:00,1554741360,304.9,304.9,304.4,304.9,1.0800705
2019-04-08 16:35:00,1554741300,306.1,306.1,304.7,304.9,19.19173332
2019-04-08 16:34:00,1554741240,306.7,306.7,306.2,306.2,0.59371646
2019-04-08 16:33:00,1554741180,306.4,306.7,306.4,306.7,1.169645
2019-04-08 16:32:00,1554741120,307.0,307.1,306.4,306.4,0.7540705
2019-04-08 16:31:00,1554741060,306.9,306.9,306.3,306.3,0.19079546
2019-04-08 16:30:00,1554741000,306.3,306.6,306.3,306.6,0.0618
2019-04-08 16:29:00,1554740940,306.6,306.6,306.1,306.3,4.9540705
2019-04-08 16:28:00,1554740880,306.6,306.6,306.2,306.6,10.485
2019-04-08 16:27:00,1554740820,306.7,307.6,306.7,307.0,0.23979546
2019-04-08 16:26:00,1554740760,306.7,307.3,306.7,306.7,1.1776
2019-04-08 16:25:00,1554740700,305.9,306.7,305.9,306.7,34.89717319
2019-04-08 16:24:00,1554740640,306.0,306.0,305.9,305.9,4.0
2019-04-08 16:23:00,1554740580,307.0,307.0,306.0,306.0,0.29079546
2019-04-08 16:22:00,1554740520,307.7,307.7,307.0,307.0,2.75404708
2019-04-08 16:21:00,1554740460,307.9,307.9,307.9,307.9,25.0
2019-04-08 16:20:00,1554740400,305.6,307.1,305.6,307.1,7.22794577
2019-04-08 16:19:00,1554740340,305.5,305.6,305.5,305.6,3.261
2019-04-08 16:18:00,1554740280,306.1,306.6,306.0,306.0,4.44167398
2019-04-08 16:17:00,1554740220,306.5,306.6,306.1,306.1,23.64006126
2019-04-08 16:16:00,1554740160,305.8,307.7,305.7,306.5,82.75380916
2019-04-08 16:15:00,1554740100,306.1,306.3,305.5,305.8,25.65727309
2019-04-08 16:14:00,1554740040,306.4,306.8,306.1,306.1,36.60348785
2019-04-08 16:13:00,1554739980,306.3,306.5,305.6,306.5,13.08826906
2019-04-08 16:12:00,1554739920,306.7,306.9,306.2,306.3,11.25039546
2019-04-08 16:11:00,1554739860,308.5,308.6,307.1,307.1,15.32657011
2019-04-08 16:10:00,1554739800,310.5,310.5,308.5,308.5,68.85871335
2019-04-08 16:09:00,1554739740,311.0,311.0,310.0,310.5,16.34703279
2019-04-08 16:08:00,1554739680,311.8,311.8,311.0,311.0,10.6627251
2019-04-08 16:07:00,1554739620,311.6,312.8,311.6,311.8,20.98090169
2019-04-08 16:06:00,1554739560,311.6,311.6,311.6,311.6,0.0
2019-04-08 16:05:00,1554739500,311.7,311.9,311.6,311.6,3.52600188
2019-04-08 16:04:00,1554739440,311.8,313.4,311.5,311.5,100.52935884
2019-04-08 16:03:00,1554739380,312.0,312.3,311.7,311.8,1.1498705
2019-04-08 16:02:00,1554739320,312.1,312.3,312.0,312.0,11.8470984
2019-04-08 16:01:00,1554739260,311.2,312.6,311.2,312.6,0.05279706
2019-04-08 16:00:00,1554739200,310.4,311.2,310.1,311.2,30.02563146
2019-04-08 15:59:00,1554739140,310.1,310.2,310.1,310.2,13.00639057
2019-04-08 15:58:00,1554739080,309.8,310.2,309.8,310.1,0.83146941
2019-04-08 15:57:00,1554739020,309.8,309.8,309.8,309.8,0.0
2019-04-08 15:56:00,1554738960,310.3,310.3,309.8,309.8,4.7540705
2019-04-08 15:55:00,1554738900,309.9,309.9,309.9,309.9,0.0
2019-04-08 15:54:00,1554738840,309.8,310.2,309.8,309.9,0.19079546
2019-04-08 15:53:00,1554738780,309.7,310.3,309.3,309.8,38.1693
2019-04-08 15:52:00,1554738720,309.5,310.0,309.3,309.6,2.27277816
2019-04-08 15:51:00,1554738660,309.5,309.5,309.2,309.5,0.23329074
2019-04-08 15:50:00,1554738600,309.1,309.4,309.1,309.2,9.08960797
2019-04-08 15:49:00,1554738540,309.5,309.5,308.9,309.1,4.32043968
2019-04-08 15:48:00,1554738480,309.5,309.5,309.4,309.4,2.30400566
2019-04-08 15:47:00,1554738420,309.4,309.8,309.1,309.5,10.19359546
2019-04-08 15:46:00,1554738360,309.9,310.1,309.6,309.6,9.58587743
2019-04-08 15:45:00,1554738300,309.9,310.4,309.9,309.9,0.7540705
2019-04-08 15:44:00,1554738240,309.9,309.9,309.9,309.9,0.004
2019-04-08 15:43:00,1554738180,310.1,310.7,309.9,309.9,2.22270697
2019-04-08 15:42:00,1554738120,310.3,310.3,309.7,309.7,0.7540705
2019-04-08 15:41:00,1554738060,310.4,310.4,310.4,310.4,0.0
2019-04-08 15:40:00,1554738000,310.3,310.9,310.3,310.4,11.72435818
2019-04-08 15:39:00,1554737940,310.8,310.8,310.0,310.0,19.0773929
2019-04-08 15:38:00,1554737880,310.0,310.8,309.9,310.8,42.00092652
2019-04-08 15:37:00,1554737820,311.4,311.4,310.2,310.2,31.81946105
2019-04-08 15:36:00,1554737760,311.8,311.8,311.2,311.2,0.08280946
2019-04-08 15:35:00,1554737700,312.4,312.4,312.4,312.4,0.0
2019-04-08 15:34:00,1554737640,313.1,313.1,312.4,312.4,0.56062922
2019-04-08 15:33:00,1554737580,313.6,313.6,313.0,313.1,0.39423674
2019-04-08 15:32:00,1554737520,313.0,313.3,312.9,313.1,22.88199168
2019-04-08 15:31:00,1554737460,312.3,312.7,312.3,312.4,0.55762922
2019-04-08 15:30:00,1554737400,312.5,312.5,312.2,312.3,9.23005789
2019-04-08 15:29:00,1554737340,312.7,313.1,312.6,312.6,15.05273674
2019-04-08 15:28:00,1554737280,312.3,313.0,312.3,313.0,1.7194
2019-04-08 15:27:00,1554737220,313.0,313.0,312.3,312.3,2.15762922
2019-04-08 15:26:00,1554737160,311.7,311.7,311.7,311.7,0.0
2019-04-08 15:25:00,1554737100,312.2,312.2,311.2,311.7,3.09973674
2019-04-08 15:24:00,1554737040,313.0,313.0,312.7,312.7,26.6469984
2019-04-08 15:23:00,1554736980,313.7,313.7,313.3,313.6,2.64763082
2019-04-08 15:22:00,1554736920,313.4,313.4,313.2,313.2,0.38723674
2019-04-08 15:21:00,1554736860,311.6,312.4,311.6,312.4,4.05300008
2019-04-08 15:20:00,1554736800,311.2,311.6,311.1,311.6,7.19944828
2019-04-08 15:19:00,1554736740,311.1,311.1,311.1,311.1,0.0
2019-04-08 15:18:00,1554736680,311.4,311.6,311.1,311.1,0.80723674
2019-04-08 15:17:00,1554736620,311.0,311.0,311.0,311.0,1.34470858
2019-04-08 15:16:00,1554736560,310.3,311.5,310.3,311.0,0.55762922
2019-04-08 15:15:00,1554736500,310.3,310.3,310.3,310.3,0.0
2019-04-08 15:14:00,1554736440,310.2,310.8,310.2,310.3,0.38723674
2019-04-08 15:13:00,1554736380,310.7,310.7,310.2,310.2,0.55762922
2019-04-08 15:12:00,1554736320,308.7,308.7,308.7,308.7,0.0
2019-04-08 15:11:00,1554736260,309.4,309.4,308.7,308.7,0.38723674
2019-04-08 15:10:00,1554736200,309.4,309.4,309.0,309.0,0.21956
2019-04-08 15:09:00,1554736140,309.0,309.4,308.8,309.4,16.64265922
2019-04-08 15:08:00,1554736080,309.0,309.0,309.0,309.0,1.165
2019-04-08 15:07:00,1554736020,309.2,309.2,308.6,309.0,12.41892757
2019-04-08 15:06:00,1554735960,310.0,310.0,309.1,309.2,18.88646532
2019-04-08 15:05:00,1554735900,310.5,310.5,310.0,310.0,21.25682267
2019-04-08 15:04:00,1554735840,310.4,310.4,310.0,310.1,5.06231324
2019-04-08 15:03:00,1554735780,310.2,310.2,310.0,310.0,9.21891659
2019-04-08 15:02:00,1554735720,310.4,310.4,309.6,310.0,12.45162922
2019-04-08 15:01:00,1554735660,310.5,310.8,310.3,310.3,40.37085905
2019-04-08 15:00:00,1554735600,312.0,312.1,310.5,310.5,26.08160906
2019-04-08 14:59:00,1554735540,314.2,314.2,312.0,312.0,256.48287953
2019-04-08 14:58:00,1554735480,311.3,314.2,311.3,314.2,105.12792922
2019-04-08 14:57:00,1554735420,311.5,311.5,311.3,311.3,5.239
2019-04-08 14:56:00,1554735360,310.5,312.1,310.5,311.4,6.38723674
2019-04-08 14:55:00,1554735300,310.5,310.5,310.5,310.5,0.0
2019-04-08 14:54:00,1554735240,311.1,311.2,310.5,310.5,30.81260907
2019-04-08 14:53:00,1554735180,310.8,313.7,310.7,311.7,481.97184294
2019-04-08 14:52:00,1554735120,309.4,310.4,309.4,310.4,0.01007
2019-04-08 14:51:00,1554735060,309.4,309.8,309.4,309.4,4.75652922
2019-04-08 14:50:00,1554735000,308.8,309.1,308.8,309.1,8.178
2019-04-08 14:49:00,1554734940,308.7,309.2,308.7,309.0,2.75985389
2019-04-08 14:48:00,1554734880,308.0,310.0,308.0,310.0,207.106
2019-04-08 14:47:00,1554734820,307.5,308.6,307.5,308.0,1.03002922
2019-04-08 14:46:00,1554734760,307.7,308.1,307.7,308.1,40.0
2019-04-08 14:45:00,1554734700,308.0,308.5,307.6,307.6,41.44923674
2019-04-08 14:44:00,1554734640,308.3,309.1,307.8,308.1,62.39821185
2019-04-08 14:43:00,1554734580,308.3,308.5,308.3,308.5,2.58004017
2019-04-08 14:42:00,1554734520,308.6,308.7,308.3,308.3,14.51073674
2019-04-08 14:41:00,1554734460,308.3,308.3,308.3,308.3,0.0
2019-04-08 14:40:00,1554734400,308.3,308.8,308.3,308.3,1.1776096
2019-04-08 14:39:00,1554734340,308.0,308.0,308.0,308.0,0.0
2019-04-08 14:38:00,1554734280,307.9,308.4,307.9,308.0,0.38723674
2019-04-08 14:37:00,1554734220,307.9,307.9,307.9,307.9,0.0
2019-04-08 14:36:00,1554734160,308.0,308.2,307.9,307.9,0.55762922
2019-04-08 14:35:00,1554734100,308.2,308.2,308.0,308.0,2.88359268
2019-04-08 14:34:00,1554734040,307.5,308.9,307.5,308.9,0.05279706
2019-04-08 14:33:00,1554733980,308.2,308.2,307.5,307.5,0.55762922
2019-04-08 14:32:00,1554733920,307.1,307.2,306.6,306.8,18.20381533
2019-04-08 14:31:00,1554733860,307.2,307.2,306.7,306.7,0.38723674
2019-04-08 14:30:00,1554733800,305.9,305.9,305.9,305.9,0.0
2019-04-08 14:29:00,1554733740,305.9,306.4,305.8,305.9,5.22062922
2019-04-08 14:28:00,1554733680,305.9,306.5,305.9,306.5,0.03
2019-04-08 14:27:00,1554733620,305.5,306.0,305.5,305.9,0.8988307
2019-04-08 14:26:00,1554733560,305.5,305.5,305.5,305.5,0.0
2019-04-08 14:25:00,1554733500,305.1,306.0,305.1,305.5,0.55762922
2019-04-08 14:24:00,1554733440,305.5,305.5,305.1,305.1,31.0
2019-04-08 14:23:00,1554733380,305.5,305.5,304.7,304.8,39.51189179
2019-04-08 14:22:00,1554733320,306.7,306.7,305.9,305.9,0.55762922
2019-04-08 14:21:00,1554733260,306.8,306.8,306.8,306.8,0.0
2019-04-08 14:20:00,1554733200,306.8,306.8,306.4,306.8,1.11047959
2019-04-08 14:19:00,1554733140,306.1,306.1,306.1,306.1,0.0
2019-04-08 14:18:00,1554733080,306.7,306.8,306.1,306.1,6.65162922
2019-04-08 14:17:00,1554733020,306.9,306.9,306.7,306.7,14.6791
2019-04-08 14:16:00,1554732960,306.7,307.4,306.7,306.9,14.77878064
2019-04-08 14:15:00,1554732900,306.0,306.7,306.0,306.7,0.07
2019-04-08 14:14:00,1554732840,305.9,306.7,305.9,306.0,0.55762922
2019-04-08 14:13:00,1554732780,306.3,306.3,305.9,305.9,0.38723674
2019-04-08 14:12:00,1554732720,306.6,306.6,306.6,306.6,6.0
2019-04-08 14:11:00,1554732660,306.0,306.0,305.6,305.9,1.04662922
2019-04-08 14:10:00,1554732600,305.6,305.6,305.6,305.6,0.095
2019-04-08 14:09:00,1554732540,305.0,305.6,304.9,305.6,1.8580648
2019-04-08 14:08:00,1554732480,305.0,305.0,305.0,305.0,0.0
2019-04-08 14:07:00,1554732420,305.2,305.5,305.0,305.0,1.86362922
2019-04-08 14:06:00,1554732360,305.2,305.2,305.2,305.2,0.0
2019-04-08 14:05:00,1554732300,305.9,305.9,305.2,305.2,0.38723674
2019-04-08 14:04:00,1554732240,305.3,306.1,305.3,305.9,1.25354764
2019-04-08 14:03:00,1554732180,304.7,305.3,304.7,305.3,3.01489192
2019-04-08 14:02:00,1554732120,304.5,304.6,304.4,304.6,2.89745843
2019-04-08 14:01:00,1554732060,303.9,304.2,303.8,304.2,22.5702
2019-04-08 14:00:00,1554732000,303.8,304.4,303.8,303.9,1.42601278
2019-04-08 13:59:00,1554731940,304.0,305.0,301.6,303.8,135.99762981
2019-04-08 13:58:00,1554731880,304.9,304.9,303.9,303.9,5.58723674
2019-04-08 13:57:00,1554731820,304.4,304.4,304.0,304.0,14.7803
2019-04-08 13:56:00,1554731760,305.3,305.3,305.0,305.0,9.0
2019-04-08 13:55:00,1554731700,306.0,306.0,305.3,305.3,11.70322835
2019-04-08 13:54:00,1554731640,306.8,306.8,306.3,306.3,5.26785093
2019-04-08 13:53:00,1554731580,306.9,307.1,306.9,307.1,0.147
2019-04-08 13:52:00,1554731520,307.2,308.1,306.5,306.9,77.21636841
2019-04-08 13:51:00,1554731460,306.4,306.8,306.4,306.8,0.01752
2019-04-08 13:50:00,1554731400,305.9,305.9,305.9,305.9,0.0
2019-04-08 13:49:00,1554731340,305.9,305.9,305.9,305.9,0.0
2019-04-08 13:48:00,1554731280,306.5,306.5,305.9,305.9,0.40523674
2019-04-08 13:47:00,1554731220,306.5,306.5,306.5,306.5,0.024
2019-04-08 13:46:00,1554731160,305.4,306.4,305.4,306.4,3.69162922
2019-04-08 13:45:00,1554731100,305.8,305.8,305.4,305.4,0.018
2019-04-08 13:44:00,1554731040,305.9,306.0,305.7,305.7,1.4188
2019-04-08 13:43:00,1554730980,306.7,306.7,305.7,305.7,3.79523674
2019-04-08 13:42:00,1554730920,305.9,306.7,305.9,306.7,2.371
2019-04-08 13:41:00,1554730860,306.3,306.3,305.9,305.9,0.55762922
2019-04-08 13:40:00,1554730800,306.1,306.1,305.6,305.9,0.88723674
2019-04-08 13:39:00,1554730740,306.6,306.6,306.1,306.1,0.629
2019-04-08 13:38:00,1554730680,307.0,307.0,306.6,306.6,0.55762922
2019-04-08 13:37:00,1554730620,307.0,307.0,307.0,307.0,0.0
2019-04-08 13:36:00,1554730560,306.4,307.6,306.4,307.0,0.38723674
2019-04-08 13:35:00,1554730500,306.4,306.4,306.4,306.4,0.0
2019-04-08 13:34:00,1554730440,306.4,306.8,306.2,306.4,11.05762922
2019-04-08 13:33:00,1554730380,307.1,307.1,306.8,306.8,10.08303
2019-04-08 13:32:00,1554730320,308.0,308.3,307.2,307.2,15.03749301
2019-04-08 13:31:00,1554730260,308.9,308.9,308.2,308.5,6.02915102
2019-04-08 13:30:00,1554730200,308.4,309.0,308.4,308.8,0.66762922
2019-04-08 13:29:00,1554730140,308.4,308.4,308.4,308.4,0.0
2019-04-08 13:28:00,1554730080,308.6,309.0,308.4,308.4,0.38723674
2019-04-08 13:27:00,1554730020,309.3,309.3,308.6,308.6,0.55762922
2019-04-08 13:26:00,1554729960,309.1,309.3,309.1,309.3,3.94720294
2019-04-08 13:25:00,1554729900,309.5,309.5,309.1,309.1,0.38723674
2019-04-08 13:24:00,1554729840,309.0,309.6,309.0,309.1,3.894
2019-04-08 13:23:00,1554729780,308.6,309.0,308.6,309.0,11.82042922
2019-04-08 13:22:00,1554729720,307.5,308.2,307.4,308.2,85.9888
2019-04-08 13:21:00,1554729660,307.5,307.8,307.2,307.4,0.91275368
2019-04-08 13:20:00,1554729600,307.5,307.5,307.5,307.5,0.0
2019-04-08 13:19:00,1554729540,307.7,308.0,307.5,307.5,5.55762922
2019-04-08 13:18:00,1554729480,307.7,307.7,307.5,307.7,10.67173674
2019-04-08 13:17:00,1554729420,307.4,308.5,307.4,307.5,140.24047004
2019-04-08 13:16:00,1554729360,307.5,307.5,307.2,307.2,21.68119114
2019-04-08 13:15:00,1554729300,307.3,307.4,307.3,307.4,5.22753517
2019-04-08 13:14:00,1554729240,307.6,307.6,307.3,307.3,0.38723674
2019-04-08 13:13:00,1554729180,306.9,307.5,306.9,307.2,17.5
2019-04-08 13:12:00,1554729120,306.4,307.0,306.4,306.9,39.55762922
2019-04-08 13:11:00,1554729060,306.3,306.4,306.3,306.4,26.01018564
2019-04-08 13:10:00,1554729000,307.0,307.0,306.0,306.0,100.71319377
2019-04-08 13:09:00,1554728940,307.1,307.1,306.7,307.0,0.609
2019-04-08 13:08:00,1554728880,306.4,307.1,306.4,307.1,0.83
2019-04-08 13:07:00,1554728820,305.9,306.5,305.9,306.5,4.75762922
2019-04-08 13:06:00,1554728760,305.9,305.9,305.5,305.9,17.1665596
2019-04-08 13:05:00,1554728700,304.6,305.0,304.2,305.0,80.74723674
2019-04-08 13:04:00,1554728640,303.6,304.7,303.6,304.7,51.80760479
2019-04-08 13:03:00,1554728580,303.2,303.5,303.0,303.0,0.55762922
2019-04-08 13:02:00,1554728520,303.2,303.2,303.2,303.2,0.0
2019-04-08 13:01:00,1554728460,303.7,303.7,303.1,303.2,15.03723945
2019-04-08 13:00:00,1554728400,303.7,303.9,303.2,303.7,69.66775609
2019-04-08 12:59:00,1554728340,302.9,303.7,302.9,303.7,42.60750922
2019-04-08 12:58:00,1554728280,303.1,303.4,302.9,302.9,11.20562922
2019-04-08 12:57:00,1554728220,303.1,303.1,302.8,303.1,5.57421481
2019-04-08 12:56:00,1554728160,303.1,303.1,302.8,303.0,1.19755744
2019-04-08 12:55:00,1554728100,302.6,303.1,302.2,302.6,33.83638054
2019-04-08 12:54:00,1554728040,302.4,303.2,302.1,302.6,70.65518361
2019-04-08 12:53:00,1554727980,303.0,303.0,302.3,302.4,109.64888196
2019-04-08 12:52:00,1554727920,303.4,303.4,303.0,303.2,50.93866634
2019-04-08 12:51:00,1554727860,303.6,303.6,303.1,303.3,107.37790223
2019-04-08 12:50:00,1554727800,303.4,303.6,303.4,303.6,2.40402132
2019-04-08 12:49:00,1554727740,303.1,303.6,303.1,303.4,12.40722699
2019-04-08 12:48:00,1554727680,303.6,303.6,303.1,303.1,19.43350589
2019-04-08 12:47:00,1554727620,303.4,303.4,302.7,302.9,16.66297215
2019-04-08 12:46:00,1554727560,302.6,303.5,302.6,303.4,35.88152304
2019-04-08 12:45:00,1554727500,302.6,302.6,302.6,302.6,0.0
2019-04-08 12:44:00,1554727440,302.8,302.8,302.6,302.6,0.55762922
2019-04-08 12:43:00,1554727380,302.6,302.6,302.6,302.6,0.0
2019-04-08 12:42:00,1554727320,301.9,302.6,301.9,302.6,5.87593674
2019-04-08 12:41:00,1554727260,301.6,301.6,301.6,301.6,0.0
2019-04-08 12:40:00,1554727200,302.0,302.2,301.6,301.6,18.70162922
2019-04-08 12:39:00,1554727140,302.0,302.3,301.8,302.1,11.08123968
2019-04-08 12:38:00,1554727080,302.3,302.3,302.0,302.0,12.1845
2019-04-08 12:37:00,1554727020,302.0,302.0,301.7,301.7,0.55762922
2019-04-08 12:36:00,1554726960,302.4,302.4,302.0,302.0,20.17441853
2019-04-08 12:35:00,1554726900,302.3,302.5,302.3,302.5,4.74871698
2019-04-08 12:34:00,1554726840,302.5,302.5,301.9,301.9,33.4390016
2019-04-08 12:33:00,1554726780,303.2,303.2,302.5,302.5,9.63563082
2019-04-08 12:32:00,1554726720,303.0,303.2,303.0,303.2,10.99935007
2019-04-08 12:31:00,1554726660,303.6,303.6,303.0,303.0,36.58723674
2019-04-08 12:30:00,1554726600,303.1,303.6,303.1,303.6,7.77091252
2019-04-08 12:29:00,1554726540,303.6,303.6,303.6,303.6,1.41963082
2019-04-08 12:28:00,1554726480,301.4,302.4,301.4,302.4,16.76473674
2019-04-08 12:27:00,1554726420,301.4,301.4,301.4,301.4,1.0
2019-04-08 12:26:00,1554726360,302.0,302.0,301.4,301.4,0.55762922
2019-04-08 12:25:00,1554726300,302.3,302.3,302.3,302.3,10.0
2019-04-08 12:24:00,1554726240,302.1,302.2,301.7,301.7,1.11063674
2019-04-08 12:23:00,1554726180,301.1,302.0,301.1,302.0,81.7649
2019-04-08 12:22:00,1554726120,301.6,301.6,301.1,301.1,0.55762922
2019-04-08 12:21:00,1554726060,301.0,301.6,301.0,301.6,0.77709072
2019-04-08 12:20:00,1554726000,300.7,301.4,300.7,301.0,0.38723674
2019-04-08 12:19:00,1554725940,301.2,301.5,300.5,300.7,2.90262922
2019-04-08 12:18:00,1554725880,301.2,301.2,301.2,301.2,1.75
2019-04-08 12:17:00,1554725820,301.6,301.7,301.3,301.3,0.38723674
2019-04-08 12:16:00,1554725760,302.1,302.1,301.6,301.6,10.60400738
2019-04-08 12:15:00,1554725700,301.7,302.3,301.6,301.7,2.17272385
2019-04-08 12:14:00,1554725640,301.3,302.1,301.3,302.1,5.0
2019-04-08 12:13:00,1554725580,301.8,301.8,301.3,301.3,0.49586674
2019-04-08 12:12:00,1554725520,301.7,301.7,301.3,301.3,1.31458579
2019-04-08 12:11:00,1554725460,301.0,301.9,301.0,301.7,4.05262922
2019-04-08 12:10:00,1554725400,301.5,301.8,301.0,301.0,25.61423674
2019-04-08 12:09:00,1554725340,301.5,301.5,301.5,301.5,0.0
2019-04-08 12:08:00,1554725280,300.7,301.5,300.1,301.5,25.43623991
2019-04-08 12:07:00,1554725220,300.4,300.6,300.4,300.6,5.0
2019-04-08 12:06:00,1554725160,299.4,299.9,299.4,299.5,5.37723674
2019-04-08 12:05:00,1554725100,300.6,300.6,299.6,299.6,14.39499833
2019-04-08 12:04:00,1554725040,300.4,300.6,300.1,300.6,24.74762922
2019-04-08 12:03:00,1554724980,299.8,300.4,299.8,300.4,13.2372
2019-04-08 12:02:00,1554724920,298.8,299.9,298.8,299.3,9.65023674
2019-04-08 12:01:00,1554724860,296.6,299.3,296.6,298.8,21.85762922
2019-04-08 12:00:00,1554724800,296.8,296.8,296.6,296.6,3.0
2019-04-08 11:59:00,1554724740,298.9,298.9,297.3,297.3,10.6164018
2019-04-08 11:58:00,1554724680,298.0,299.2,298.0,298.9,13.93422857
2019-04-08 11:57:00,1554724620,299.0,299.0,298.0,298.0,0.62792922
2019-04-08 11:56:00,1554724560,299.3,299.3,299.0,299.0,8.88956872
2019-04-08 11:55:00,1554724500,299.2,299.3,298.8,298.8,15.27023674
2019-04-08 11:54:00,1554724440,298.3,299.0,298.3,298.9,96.9125992
2019-04-08 11:53:00,1554724380,296.6,298.1,296.6,297.8,1.55762922
2019-04-08 11:52:00,1554724320,297.3,297.3,296.5,296.6,96.21468415
2019-04-08 11:51:00,1554724260,298.4,298.4,297.0,297.0,32.52569069
2019-04-08 11:50:00,1554724200,298.5,298.5,298.0,298.5,56.19089718
2019-04-08 11:49:00,1554724140,299.0,299.1,298.5,298.5,6.0
2019-04-08 11:48:00,1554724080,299.0,299.5,299.0,299.0,0.38723674
2019-04-08 11:47:00,1554724020,299.5,299.5,299.0,299.0,2.353
2019-04-08 11:46:00,1554723960,300.2,300.2,299.6,299.6,0.55762922
2019-04-08 11:45:00,1554723900,300.4,300.8,300.2,300.8,20.64972323
2019-04-08 11:44:00,1554723840,299.9,300.9,299.9,300.4,0.38723674
2019-04-08 11:43:00,1554723780,300.3,300.3,299.9,299.9,0.55762922
2019-04-08 11:42:00,1554723720,299.8,300.8,299.8,300.0,51.48450925
2019-04-08 11:41:00,1554723660,300.7,300.8,299.3,299.3,27.40923674
2019-04-08 11:40:00,1554723600,301.0,301.0,300.7,300.7,1.30456192
2019-04-08 11:39:00,1554723540,301.1,301.6,301.0,301.0,1.70662922
2019-04-08 11:38:00,1554723480,301.6,302.0,301.0,301.0,7.533996
2019-04-08 11:37:00,1554723420,301.1,302.3,301.1,301.6,2.11623674
2019-04-08 11:36:00,1554723360,300.6,300.6,300.6,300.6,0.0
2019-04-08 11:35:00,1554723300,300.6,301.1,300.6,300.6,0.68419172
2019-04-08 11:34:00,1554723240,301.2,301.2,300.5,300.6,63.43645549
2019-04-08 11:33:00,1554723180,300.8,301.3,300.7,301.3,6.0745
2019-04-08 11:32:00,1554723120,300.3,301.3,300.0,301.3,3.5379984
2019-04-08 11:31:00,1554723060,298.6,300.0,298.4,300.0,55.49390841
2019-04-08 11:30:00,1554723000,297.9,298.2,296.8,298.2,108.36226271
2019-04-08 11:29:00,1554722940,295.7,298.7,295.7,298.4,107.66889525
2019-04-08 11:28:00,1554722880,296.3,296.4,295.7,295.7,6.19962922
2019-04-08 11:27:00,1554722820,297.1,297.3,296.2,296.6,9.7211
2019-04-08 11:26:00,1554722760,297.0,298.1,296.5,297.1,41.53593016
2019-04-08 11:25:00,1554722700,298.4,298.4,297.7,297.7,41.96262922
2019-04-08 11:24:00,1554722640,296.0,298.6,296.0,298.6,13.38468602
2019-04-08 11:23:00,1554722580,297.5,297.5,295.0,296.0,142.28592803
2019-04-08 11:22:00,1554722520,298.8,298.8,297.3,297.5,14.79888237
2019-04-08 11:21:00,1554722460,297.8,298.8,297.8,298.5,13.91172922
2019-04-08 11:20:00,1554722400,297.0,297.6,296.1,297.6,24.47053357
2019-04-08 11:19:00,1554722340,298.8,298.9,297.2,297.2,7.99565526
2019-04-08 11:18:00,1554722280,300.1,300.1,296.6,298.8,158.5080474
2019-04-08 11:17:00,1554722220,300.8,301.2,300.4,300.4,4.04142922
2019-04-08 11:16:00,1554722160,300.8,300.8,300.8,300.8,0.33943968
2019-04-08 11:15:00,1554722100,301.3,302.0,300.7,301.5,47.29559706
2019-04-08 11:14:00,1554722040,302.2,302.2,301.3,301.3,14.02
2019-04-08 11:13:00,1554721980,301.6,302.2,301.3,302.2,2.56262922
2019-04-08 11:12:00,1554721920,303.6,303.6,301.6,301.6,5.3901
2019-04-08 11:11:00,1554721860,300.7,302.9,300.7,302.9,47.78921375
2019-04-08 11:10:00,1554721800,300.4,301.4,300.4,300.7,19.568
2019-04-08 11:09:00,1554721740,300.0,301.9,300.0,300.4,30.8392047
2019-04-08 11:08:00,1554721680,298.4,299.9,298.4,299.7,58.59303082
2019-04-08 11:07:00,1554721620,298.9,299.7,298.6,298.6,49.12982614
2019-04-08 11:06:00,1554721560,299.7,299.7,298.9,298.9,12.30847772
2019-04-08 11:05:00,1554721500,299.3,299.7,299.3,299.7,1.3036
2019-04-08 11:04:00,1554721440,298.8,299.3,298.5,299.3,10.33852921
2019-04-08 11:03:00,1554721380,299.5,299.5,298.8,299.3,13.61415729
2019-04-08 11:02:00,1554721320,299.9,300.4,298.9,298.9,35.47523672
2019-04-08 11:01:00,1554721260,297.6,300.4,297.6,300.4,33.9357155
2019-04-08 11:00:00,1554721200,297.6,297.8,296.9,297.6,6.15656801
2019-04-08 10:59:00,1554721140,297.8,298.9,297.6,297.6,250.10338419
2019-04-08 10:58:00,1554721080,299.4,299.4,294.2,297.9,251.73187546
2019-04-08 10:57:00,1554721020,300.6,300.8,299.4,299.4,24.2552683
2019-04-08 10:56:00,1554720960,301.6,302.1,300.8,301.0,110.88932922
2019-04-08 10:55:00,1554720900,303.1,303.1,301.6,301.6,44.24978799
2019-04-08 10:54:00,1554720840,303.4,303.7,303.1,303.1,13.78631753
2019-04-08 10:53:00,1554720780,302.8,302.8,302.8,302.8,0.0
2019-04-08 10:52:00,1554720720,303.9,304.2,302.8,302.8,32.01814554
2019-04-08 10:51:00,1554720660,302.4,304.1,302.4,303.4,15.92623674
2019-04-08 10:50:00,1554720600,300.2,302.8,300.2,301.6,60.65775174
2019-04-08 10:49:00,1554720540,300.1,300.5,299.3,300.2,62.58521262
2019-04-08 10:48:00,1554720480,300.5,300.9,298.7,300.3,168.01216801
2019-04-08 10:47:00,1554720420,302.4,302.4,300.5,300.5,20.4783954
2019-04-08 10:46:00,1554720360,301.9,302.2,301.7,302.2,21.85169574
2019-04-08 10:45:00,1554720300,303.0,303.0,301.9,301.9,96.54762922
2019-04-08 10:44:00,1554720240,302.8,303.9,302.2,303.0,103.22856662
2019-04-08 10:43:00,1554720180,304.3,304.3,302.5,302.5,45.54249817
2019-04-08 10:42:00,1554720120,305.1,305.2,304.5,304.5,65.12704576
2019-04-08 10:41:00,1554720060,306.0,306.0,305.4,305.4,4.279645
2019-04-08 10:40:00,1554720000,306.1,306.1,305.8,306.0,22.74377929
2019-04-08 10:39:00,1554719940,305.9,306.1,305.9,306.1,1.518
2019-04-08 10:38:00,1554719880,306.2,306.2,305.9,305.9,5.27663674
2019-04-08 10:37:00,1554719820,306.5,306.5,306.0,306.1,0.73083661
2019-04-08 10:36:00,1554719760,306.2,306.5,306.1,306.5,3.85762922
2019-04-08 10:35:00,1554719700,306.3,306.8,306.0,306.2,51.52440896
2019-04-08 10:34:00,1554719640,306.2,306.7,306.2,306.3,0.38725983
2019-04-08 10:33:00,1554719580,306.7,306.7,306.1,306.2,5.73763082
2019-04-08 10:32:00,1554719520,305.4,306.0,305.4,306.0,23.40299389
2019-04-08 10:31:00,1554719460,305.4,305.6,305.2,305.2,18.20978193
2019-04-08 10:30:00,1554719400,305.6,305.6,305.3,305.5,5.42831611
2019-04-08 10:29:00,1554719340,305.4,305.6,305.4,305.6,5.16411438
2019-04-08 10:28:00,1554719280,305.9,305.9,305.5,305.8,36.86093427
2019-04-08 10:27:00,1554719220,306.8,306.8,306.1,306.1,2.79394584
2019-04-08 10:26:00,1554719160,306.8,306.8,306.8,306.8,0.0
2019-04-08 10:25:00,1554719100,307.3,307.3,306.8,306.8,2.19262922
2019-04-08 10:24:00,1554719040,307.3,307.3,307.3,307.3,0.171
2019-04-08 10:23:00,1554718980,307.3,307.3,307.1,307.1,0.38723674
2019-04-08 10:22:00,1554718920,308.1,308.1,307.3,307.3,205.79142922
2019-04-08 10:21:00,1554718860,306.8,307.4,306.8,307.4,33.215
2019-04-08 10:20:00,1554718800,308.0,308.0,304.9,306.9,238.32201674
2019-04-08 10:19:00,1554718740,308.4,308.4,308.4,308.4,0.0
2019-04-08 10:18:00,1554718680,308.7,308.8,308.4,308.4,0.55762922
2019-04-08 10:17:00,1554718620,309.0,309.0,309.0,309.0,2.48511768
2019-04-08 10:16:00,1554718560,308.4,309.2,308.4,308.7,0.19079546
2019-04-08 10:15:00,1554718500,308.4,308.4,308.4,308.4,0.78
2019-04-08 10:14:00,1554718440,308.5,308.5,308.0,308.0,4.53152796
2019-04-08 10:13:00,1554718380,309.0,309.0,308.4,308.4,0.20079546
2019-04-08 10:12:00,1554718320,308.9,309.0,308.9,309.0,0.0505
2019-04-08 10:11:00,1554718260,309.2,309.2,309.0,309.0,0.7540705
2019-04-08 10:10:00,1554718200,308.8,308.8,308.8,308.8,0.0
2019-04-08 10:09:00,1554718140,309.5,309.5,308.8,308.8,1.41979546
2019-04-08 10:08:00,1554718080,309.2,309.6,309.2,309.5,0.14526527
2019-04-08 10:07:00,1554718020,309.6,309.7,309.2,309.2,2.7055705
2019-04-08 10:06:00,1554717960,309.6,309.6,309.6,309.6,0.0
2019-04-08 10:05:00,1554717900,309.8,310.1,309.6,309.6,0.19079546
2019-04-08 10:04:00,1554717840,309.7,309.8,309.7,309.8,4.0
2019-04-08 10:03:00,1554717780,309.9,310.3,309.7,309.7,0.7540705
2019-04-08 10:02:00,1554717720,309.6,310.3,309.4,309.9,1.87369546
2019-04-08 10:01:00,1554717660,310.7,310.7,309.7,309.7,10.87860498
2019-04-08 10:00:00,1554717600,310.3,310.7,310.3,310.7,18.85387109
2019-04-08 09:59:00,1554717540,310.5,310.5,310.5,310.5,0.0
2019-04-08 09:58:00,1554717480,310.6,310.6,310.3,310.5,0.29079546
2019-04-08 09:57:00,1554717420,310.6,310.6,310.6,310.6,2.5803
2019-04-08 09:56:00,1554717360,310.0,310.6,310.0,310.2,7.8540705
2019-04-08 09:55:00,1554717300,309.9,309.9,309.9,309.9,0.0
2019-04-08 09:54:00,1554717240,310.3,310.4,309.9,309.9,4.53956909
2019-04-08 09:53:00,1554717180,310.4,310.4,310.3,310.3,0.7540705
2019-04-08 09:52:00,1554717120,310.3,310.4,310.3,310.4,0.303
2019-04-08 09:51:00,1554717060,310.4,310.4,310.3,310.3,0.19079546
2019-04-08 09:50:00,1554717000,310.3,310.3,310.3,310.3,0.0
2019-04-08 09:49:00,1554716940,309.9,310.4,309.9,310.3,0.7540705
2019-04-08 09:48:00,1554716880,309.9,309.9,309.9,309.9,0.0
2019-04-08 09:47:00,1554716820,309.7,310.5,309.7,309.9,0.19079546
2019-04-08 09:46:00,1554716760,309.7,309.7,309.7,309.7,0.0
2019-04-08 09:45:00,1554716700,310.0,310.5,309.7,309.7,0.7540705
2019-04-08 09:44:00,1554716640,309.9,310.0,309.9,310.0,0.9139984
2019-04-08 09:43:00,1554716580,309.9,309.9,309.9,309.9,0.0
2019-04-08 09:42:00,1554716520,309.7,310.2,309.7,309.9,0.7540705
2019-04-08 09:41:00,1554716460,309.7,309.7,309.7,309.7,0.0
2019-04-08 09:40:00,1554716400,310.2,310.4,309.7,309.7,0.19079546
2019-04-08 09:39:00,1554716340,310.2,310.2,310.2,310.2,8.28520417
2019-04-08 09:38:00,1554716280,310.1,310.2,310.1,310.1,4.75975308
2019-04-08 09:37:00,1554716220,310.6,310.7,310.3,310.3,4.60382522
2019-04-08 09:36:00,1554716160,310.3,310.7,310.3,310.6,0.19679546
2019-04-08 09:35:00,1554716100,310.3,310.6,310.1,310.2,47.85289632
2019-04-08 09:34:00,1554716040,309.5,310.3,309.5,310.3,0.1
2019-04-08 09:33:00,1554715980,309.7,309.7,309.5,309.5,0.19079546
2019-04-08 09:32:00,1554715920,309.6,309.6,309.6,309.6,0.1
2019-04-08 09:31:00,1554715860,309.5,309.7,309.2,309.2,1.37858637
2019-04-08 09:30:00,1554715800,309.1,309.1,309.1,309.1,0.0
2019-04-08 09:29:00,1554715740,308.9,309.5,308.9,309.1,0.19079546
2019-04-08 09:28:00,1554715680,309.1,309.1,308.9,308.9,1.042
2019-04-08 09:27:00,1554715620,308.8,309.1,308.3,309.1,9.9440705
2019-04-08 09:26:00,1554715560,308.9,308.9,308.7,308.8,3.33799546
2019-04-08 09:25:00,1554715500,309.1,309.1,308.6,308.6,35.35309549
2019-04-08 09:24:00,1554715440,309.2,309.3,309.2,309.2,3.0020705
2019-04-08 09:23:00,1554715380,309.2,309.2,309.2,309.2,0.0
2019-04-08 09:22:00,1554715320,308.8,309.4,308.8,309.2,0.19079546
2019-04-08 09:21:00,1554715260,308.8,308.8,308.8,308.8,0.0
2019-04-08 09:20:00,1554715200,308.7,309.1,308.7,308.8,0.7540705
2019-04-08 09:19:00,1554715140,308.7,308.7,308.7,308.7,0.0
2019-04-08 09:18:00,1554715080,309.2,309.2,308.7,308.7,0.19079546
2019-04-08 09:17:00,1554715020,309.8,309.9,309.4,309.4,0.7540705
2019-04-08 09:16:00,1554714960,309.3,309.3,309.2,309.2,0.1
2019-04-08 09:15:00,1554714900,308.5,309.8,308.5,309.8,0.51538705
2019-04-08 09:14:00,1554714840,308.5,308.5,308.5,308.5,0.0
2019-04-08 09:13:00,1554714780,309.2,309.2,308.5,308.5,5.9953705
2019-04-08 09:12:00,1554714720,308.7,308.7,308.7,308.7,0.0
2019-04-08 09:11:00,1554714660,309.2,309.2,308.7,308.7,0.19079546
2019-04-08 09:10:00,1554714600,309.5,309.5,309.4,309.4,4.66554944
2019-04-08 09:09:00,1554714540,309.8,309.9,309.5,309.5,0.7540705
2019-04-08 09:08:00,1554714480,309.5,309.8,309.5,309.8,0.0620016
2019-04-08 09:07:00,1554714420,309.2,310.1,309.2,309.5,0.19079546
2019-04-08 09:06:00,1554714360,309.9,309.9,309.2,309.2,0.7540705
2019-04-08 09:05:00,1554714300,309.6,309.7,309.3,309.3,7.5334
2019-04-08 09:04:00,1554714240,309.8,309.8,309.4,309.6,1.58836448
2019-04-08 09:03:00,1554714180,309.1,310.0,309.1,310.0,5.33004851
2019-04-08 09:02:00,1554714120,309.0,309.6,309.0,309.1,2.0280705
2019-04-08 09:01:00,1554714060,308.0,309.0,308.0,309.0,6.01781816
2019-04-08 09:00:00,1554714000,308.1,308.5,308.0,308.0,0.19079546
2019-04-08 08:59:00,1554713940,308.1,308.1,308.1,308.1,0.0
2019-04-08 08:58:00,1554713880,307.8,308.6,307.8,308.1,0.8290705
2019-04-08 08:57:00,1554713820,307.8,308.5,307.8,307.8,0.19079546
2019-04-08 08:56:00,1554713760,307.8,307.8,307.8,307.8,0.0
2019-04-08 08:55:00,1554713700,308.4,308.4,307.8,307.8,0.7540705
2019-04-08 08:54:00,1554713640,307.9,307.9,307.9,307.9,0.0
2019-04-08 08:53:00,1554713580,308.1,308.7,307.9,307.9,0.19079546
2019-04-08 08:52:00,1554713520,308.1,308.1,308.1,308.1,0.0
2019-04-08 08:51:00,1554713460,309.1,309.1,307.9,308.1,34.9381245
2019-04-08 08:50:00,1554713400,309.0,309.1,309.0,309.1,0.47413696
2019-04-08 08:49:00,1554713340,309.0,309.5,308.8,309.0,5.19079546
2019-04-08 08:48:00,1554713280,308.7,309.2,308.5,308.5,49.45643968
2019-04-08 08:47:00,1554713220,308.8,308.8,308.8,308.8,0.1
2019-04-08 08:46:00,1554713160,308.7,309.0,308.4,308.8,16.6108943
2019-04-08 08:45:00,1554713100,307.3,308.7,307.3,308.7,9.87
2019-04-08 08:44:00,1554713040,307.0,308.1,307.0,307.3,21.08250256
2019-04-08 08:43:00,1554712980,307.6,307.8,306.8,306.9,61.95729962
2019-04-08 08:42:00,1554712920,306.3,307.6,305.6,307.4,76.01209507
2019-04-08 08:41:00,1554712860,306.4,306.5,305.6,306.3,38.471227
2019-04-08 08:40:00,1554712800,304.7,306.0,304.3,306.0,93.41839104
2019-04-08 08:39:00,1554712740,306.9,306.9,304.5,304.6,25.4136984
2019-04-08 08:38:00,1554712680,307.3,307.7,307.1,307.6,17.2410867
2019-04-08 08:37:00,1554712620,308.0,308.0,307.3,307.3,0.7540705
2019-04-08 08:36:00,1554712560,308.1,308.1,307.9,308.0,6.00316
2019-04-08 08:35:00,1554712500,307.8,308.4,307.8,308.1,18.71699706
2019-04-08 08:34:00,1554712440,307.9,307.9,307.9,307.9,0.0
2019-04-08 08:33:00,1554712380,309.0,309.0,307.8,307.9,2.99491386
2019-04-08 08:32:00,1554712320,309.1,309.1,308.7,308.7,9.19
2019-04-08 08:31:00,1554712260,309.4,309.4,309.1,309.1,0.19079546
2019-04-08 08:30:00,1554712200,309.9,309.9,309.2,309.2,0.7540705
2019-04-08 08:29:00,1554712140,309.5,309.5,309.5,309.5,0.38091458
2019-04-08 08:28:00,1554712080,308.3,308.8,308.2,308.8,1.16229804
2019-04-08 08:27:00,1554712020,309.0,309.0,308.3,308.3,3.06833636
2019-04-08 08:26:00,1554711960,308.9,309.0,308.3,308.3,5.7440705
2019-04-08 08:25:00,1554711900,308.2,308.5,308.1,308.1,7.9439
2019-04-08 08:24:00,1554711840,308.4,308.7,307.8,308.7,19.61188226
2019-04-08 08:23:00,1554711780,308.0,308.4,307.1,308.4,38.1868
2019-04-08 08:22:00,1554711720,308.3,308.5,307.9,308.1,39.23598182
2019-04-08 08:21:00,1554711660,308.2,308.3,308.2,308.3,1.2081
2019-04-08 08:20:00,1554711600,307.7,308.5,307.7,307.9,2.19079546
2019-04-08 08:19:00,1554711540,308.4,308.4,307.9,308.3,23.8862
2019-04-08 08:18:00,1554711480,308.6,309.1,308.4,308.4,6.8110705
2019-04-08 08:17:00,1554711420,308.7,308.9,308.3,308.9,0.25559546
2019-04-08 08:16:00,1554711360,307.6,307.6,307.6,307.6,0.0
2019-04-08 08:15:00,1554711300,308.0,308.1,307.6,307.6,2.45897078
2019-04-08 08:14:00,1554711240,308.3,308.3,307.8,308.0,3.2090016
2019-04-08 08:13:00,1554711180,310.7,310.7,307.8,308.3,219.42380711
2019-04-08 08:12:00,1554711120,310.7,310.8,310.4,310.7,17.80626641
2019-04-08 08:11:00,1554711060,312.0,312.0,311.1,311.2,1.9540705
2019-04-08 08:10:00,1554711000,311.7,312.0,311.7,312.0,0.5688
2019-04-08 08:09:00,1554710940,312.0,312.4,311.7,311.7,0.19079546
2019-04-08 08:08:00,1554710880,311.8,312.2,311.6,312.0,13.3540705
2019-04-08 08:07:00,1554710820,311.4,311.4,311.4,311.4,0.0
2019-04-08 08:06:00,1554710760,311.4,311.8,311.4,311.4,0.28837895
2019-04-08 08:05:00,1554710700,312.0,312.0,311.7,311.7,1.10257045
2019-04-08 08:04:00,1554710640,312.8,312.8,312.0,312.0,0.7540705
2019-04-08 08:03:00,1554710580,312.8,312.8,312.8,312.8,0.0639
2019-04-08 08:02:00,1554710520,312.7,313.1,312.3,312.4,36.53183386
2019-04-08 08:01:00,1554710460,312.6,312.7,312.6,312.7,104.99
2019-04-08 08:00:00,1554710400,312.3,312.4,312.0,312.0,0.8140705
2019-04-08 07:59:00,1554710340,312.1,312.4,311.8,312.3,5.02789546
2019-04-08 07:58:00,1554710280,311.6,312.1,311.6,312.1,1.40984658
2019-04-08 07:57:00,1554710220,312.6,312.6,311.6,311.6,1.01467626
2019-04-08 07:56:00,1554710160,312.7,312.7,312.6,312.6,0.01039424
2019-04-08 07:55:00,1554710100,312.9,313.3,312.7,312.7,0.19079546
2019-04-08 07:54:00,1554710040,312.9,312.9,312.9,312.9,0.0
2019-04-08 07:53:00,1554709980,313.1,313.7,312.9,312.9,32.45859227
2019-04-08 07:52:00,1554709920,312.4,312.7,312.4,312.7,1.7
2019-04-08 07:51:00,1554709860,312.5,312.5,311.9,311.9,0.29079546
2019-04-08 07:50:00,1554709800,311.4,311.4,311.0,311.0,0.7540705
2019-04-08 07:49:00,1554709740,311.1,311.1,311.1,311.1,2.0
2019-04-08 07:48:00,1554709680,311.6,311.6,311.0,311.1,0.20129897
2019-04-08 07:47:00,1554709620,310.4,310.4,310.4,310.4,0.0
2019-04-08 07:46:00,1554709560,311.1,311.1,310.4,310.4,1.2540705
2019-04-08 07:45:00,1554709500,309.5,311.0,309.5,311.0,35.07776801
2019-04-08 07:44:00,1554709440,309.8,310.0,309.8,309.9,0.24462124
2019-04-08 07:43:00,1554709380,311.1,311.1,309.8,309.8,9.634
2019-04-08 07:42:00,1554709320,311.4,311.5,311.1,311.1,0.7540705
2019-04-08 07:41:00,1554709260,312.2,312.2,311.4,311.4,0.19079546
2019-04-08 07:40:00,1554709200,311.8,311.8,311.8,311.8,0.0
2019-04-08 07:39:00,1554709140,311.6,312.0,311.3,311.8,18.7350705
2019-04-08 07:38:00,1554709080,311.7,311.7,311.6,311.6,8.46417712
2019-04-08 07:37:00,1554709020,311.6,312.0,311.6,311.7,0.19079546
2019-04-08 07:36:00,1554708960,311.6,311.6,311.6,311.6,0.0
2019-04-08 07:35:00,1554708900,311.6,311.9,311.6,311.6,6.2590705
2019-04-08 07:34:00,1554708840,311.6,312.2,311.6,312.1,10.98999706
2019-04-08 07:33:00,1554708780,312.3,312.5,311.4,311.4,48.89945503
2019-04-08 07:32:00,1554708720,312.2,312.2,311.5,311.7,0.7611705
2019-04-08 07:31:00,1554708660,310.0,311.3,310.0,311.3,5.7
2019-04-08 07:30:00,1554708600,310.0,310.3,309.6,310.0,22.28529321
2019-04-08 07:29:00,1554708540,309.2,310.0,309.1,309.4,58.49439863
2019-04-08 07:28:00,1554708480,308.8,309.7,308.6,309.2,161.47613591
2019-04-08 07:27:00,1554708420,309.2,309.9,308.4,309.1,93.76901004
2019-04-08 07:26:00,1554708360,309.9,309.9,309.2,309.3,8.06021232
2019-04-08 07:25:00,1554708300,310.1,310.2,309.8,309.8,19.6455
2019-04-08 07:24:00,1554708240,310.1,310.5,310.1,310.1,0.7540705
2019-04-08 07:23:00,1554708180,310.6,310.7,310.0,310.1,11.33379546
2019-04-08 07:22:00,1554708120,309.8,310.8,309.5,310.8,42.99939685
2019-04-08 07:21:00,1554708060,309.2,310.1,308.9,310.1,112.59375222
2019-04-08 07:20:00,1554708000,308.6,309.6,308.6,309.4,95.68656179
2019-04-08 07:19:00,1554707940,309.5,309.5,307.9,307.9,1.1835013
2019-04-08 07:18:00,1554707880,309.1,309.7,309.1,309.5,3.02399397
2019-04-08 07:17:00,1554707820,308.5,309.4,308.5,309.4,18.48198488
2019-04-08 07:16:00,1554707760,307.2,308.6,307.2,307.7,19.38349253
2019-04-08 07:15:00,1554707700,307.0,308.0,306.8,307.2,41.38527126
2019-04-08 07:14:00,1554707640,307.0,307.2,306.6,307.2,3.49085019
2019-04-08 07:13:00,1554707580,304.5,308.3,302.7,308.2,788.65686045
2019-04-08 07:12:00,1554707520,307.0,307.0,304.5,304.6,205.93094008
2019-04-08 07:11:00,1554707460,307.7,307.9,307.0,307.1,50.67893243
2019-04-08 07:10:00,1554707400,311.0,311.0,307.8,307.8,55.01107985
2019-04-08 07:09:00,1554707340,311.1,311.1,309.2,311.0,463.68601971
2019-04-08 07:08:00,1554707280,312.2,312.2,311.1,311.1,25.58208794
2019-04-08 07:07:00,1554707220,312.6,312.6,312.2,312.2,5.54275806
2019-04-08 07:06:00,1554707160,312.8,312.8,312.6,312.6,0.86169158
2019-04-08 07:05:00,1554707100,312.8,312.8,312.8,312.8,0.52080886
2019-04-08 07:04:00,1554707040,313.3,313.3,312.9,312.9,0.05279706
2019-04-08 07:03:00,1554706980,313.7,313.7,313.1,313.3,20.7058405
2019-04-08 07:02:00,1554706920,314.0,314.1,313.4,314.1,18.30046287
2019-04-08 07:01:00,1554706860,314.5,314.5,314.0,314.0,0.66656849
2019-04-08 07:00:00,1554706800,314.5,314.5,314.5,314.5,0.577
2019-04-08 06:59:00,1554706740,314.8,314.8,314.4,314.4,5.4195705
2019-04-08 06:58:00,1554706680,314.4,314.6,314.4,314.6,5.0
2019-04-08 06:57:00,1554706620,314.7,314.7,314.4,314.4,1.23717773
2019-04-08 06:56:00,1554706560,314.8,314.8,314.7,314.7,5.22999739
2019-04-08 06:55:00,1554706500,314.8,314.8,314.7,314.7,2.11391394
2019-04-08 06:54:00,1554706440,314.9,314.9,314.8,314.8,0.19079546
2019-04-08 06:53:00,1554706380,314.0,314.0,314.0,314.0,0.0
2019-04-08 06:52:00,1554706320,314.2,314.5,314.0,314.0,0.7540705
2019-04-08 06:51:00,1554706260,314.2,314.2,314.2,314.2,0.0
2019-04-08 06:50:00,1554706200,314.2,314.7,314.2,314.2,4.97629546
2019-04-08 06:49:00,1554706140,314.2,314.2,314.2,314.2,0.0
2019-04-08 06:48:00,1554706080,313.8,314.6,313.8,314.2,2.5050705
2019-04-08 06:47:00,1554706020,313.3,313.4,312.8,313.4,0.37779546
2019-04-08 06:46:00,1554705960,312.8,312.9,312.8,312.9,11.06894444
2019-04-08 06:45:00,1554705900,312.9,312.9,312.8,312.8,1.61963082
2019-04-08 06:44:00,1554705840,312.8,312.9,312.8,312.9,2.8620016
2019-04-08 06:43:00,1554705780,313.3,313.3,312.8,312.8,0.19079546
2019-04-08 06:42:00,1554705720,313.9,313.9,313.3,313.3,1.205
2019-04-08 06:41:00,1554705660,313.0,314.0,313.0,313.9,2.72671274
2019-04-08 06:40:00,1554705600,313.1,313.2,312.5,313.0,38.74370572
2019-04-08 06:39:00,1554705540,313.5,313.8,313.1,313.1,20.67689546
2019-04-08 06:38:00,1554705480,313.6,314.0,312.8,313.5,131.6288653
2019-04-08 06:37:00,1554705420,314.1,314.2,313.6,313.6,11.42853928
2019-04-08 06:36:00,1554705360,314.2,314.2,314.2,314.2,5.31826861
2019-04-08 06:35:00,1554705300,313.6,314.3,313.6,313.8,2.34379546
2019-04-08 06:34:00,1554705240,313.6,313.6,313.6,313.6,0.0
2019-04-08 06:33:00,1554705180,314.0,314.1,313.6,313.6,0.95423791
2019-04-08 06:32:00,1554705120,314.8,314.8,314.0,314.0,8.39791546
2019-04-08 06:31:00,1554705060,315.0,315.0,314.8,314.8,2.5681634
2019-04-08 06:30:00,1554705000,315.0,315.0,314.3,314.8,3.24420791
2019-04-08 06:29:00,1554704940,315.0,315.0,315.0,315.0,4.25299808
2019-04-08 06:28:00,1554704880,315.1,315.1,315.0,315.0,0.41223674
2019-04-08 06:27:00,1554704820,315.2,315.2,315.2,315.2,0.0
2019-04-08 06:26:00,1554704760,315.1,315.3,315.1,315.2,0.57362922
2019-04-08 06:25:00,1554704700,315.1,315.1,315.1,315.1,0.0
2019-04-08 06:24:00,1554704640,315.0,315.3,314.6,315.1,18.39123674
2019-04-08 06:23:00,1554704580,315.4,315.4,315.4,315.4,1.65410128
2019-04-08 06:22:00,1554704520,315.4,315.8,315.4,315.4,0.76466922
2019-04-08 06:21:00,1554704460,315.8,315.8,315.2,315.2,0.38723674
2019-04-08 06:20:00,1554704400,315.9,315.9,315.9,315.9,3.0533325
2019-04-08 06:19:00,1554704340,316.4,316.4,315.9,315.9,0.55762922
2019-04-08 06:18:00,1554704280,316.0,316.4,316.0,316.4,0.021
2019-04-08 06:17:00,1554704220,316.0,316.0,315.9,316.0,1.33443968
2019-04-08 06:16:00,1554704160,315.2,315.5,315.0,315.3,10.002
2019-04-08 06:15:00,1554704100,316.3,316.3,315.2,315.2,10.90566101
2019-04-08 06:14:00,1554704040,316.3,316.3,316.3,316.3,0.0
2019-04-08 06:13:00,1554703980,316.7,316.7,316.1,316.3,5.40523674
2019-04-08 06:12:00,1554703920,316.3,317.1,316.3,316.7,0.55762922
2019-04-08 06:11:00,1554703860,316.3,316.3,316.3,316.3,0.008
2019-04-08 06:10:00,1554703800,316.8,316.8,316.3,316.3,2.05490781
2019-04-08 06:09:00,1554703740,316.5,316.8,316.2,316.8,38.4074
2019-04-08 06:08:00,1554703680,317.0,317.0,316.5,316.5,17.32665436
2019-04-08 06:07:00,1554703620,317.0,317.0,317.0,317.0,0.0
2019-04-08 06:06:00,1554703560,316.7,317.5,316.7,317.0,1.4466298
2019-04-08 06:05:00,1554703500,317.0,317.0,316.7,316.7,3.43024674
2019-04-08 06:04:00,1554703440,317.4,317.4,317.0,317.0,1.03675294
2019-04-08 06:03:00,1554703380,316.3,317.4,316.3,317.4,0.55342809
2019-04-08 06:02:00,1554703320,316.3,316.3,316.3,316.3,0.0
2019-04-08 06:01:00,1554703260,316.4,316.7,316.3,316.3,11.57862922
2019-04-08 06:00:00,1554703200,316.4,316.4,316.4,316.4,12.642
2019-04-08 05:59:00,1554703140,316.5,316.7,316.4,316.7,3.89042983
2019-04-08 05:58:00,1554703080,316.3,316.3,316.3,316.3,0.1
2019-04-08 05:57:00,1554703020,315.5,316.3,315.5,316.2,0.55962922
2019-04-08 05:56:00,1554702960,315.4,316.1,315.4,315.5,4.30097862
2019-04-08 05:55:00,1554702900,315.8,315.8,315.4,315.4,6.57267674
2019-04-08 05:54:00,1554702840,316.0,316.0,315.7,315.8,1.56462922
2019-04-08 05:53:00,1554702780,315.4,315.4,315.4,315.4,0.0
2019-04-08 05:52:00,1554702720,315.7,315.7,315.4,315.4,0.38723674
2019-04-08 05:51:00,1554702660,315.7,315.7,315.7,315.7,0.0
2019-04-08 05:50:00,1554702600,315.6,316.0,315.6,315.7,5.29349218
2019-04-08 05:49:00,1554702540,314.9,316.2,314.9,315.6,51.98615114
2019-04-08 05:48:00,1554702480,314.3,314.9,314.3,314.9,7.51809343
2019-04-08 05:47:00,1554702420,314.3,314.3,314.3,314.3,0.0
2019-04-08 05:46:00,1554702360,314.5,314.9,314.3,314.3,0.95762922
2019-04-08 05:45:00,1554702300,314.8,314.8,314.6,314.6,4.33420706
2019-04-08 05:44:00,1554702240,314.9,314.9,314.6,314.9,7.91618
2019-04-08 05:43:00,1554702180,315.2,315.3,314.8,315.2,5.57162922
2019-04-08 05:42:00,1554702120,315.5,315.5,315.5,315.5,0.25925925
2019-04-08 05:41:00,1554702060,315.2,315.8,315.2,315.5,0.48563674
2019-04-08 05:40:00,1554702000,316.4,316.4,315.2,315.2,1.069
2019-04-08 05:39:00,1554701940,315.3,316.4,315.3,316.4,1.75762922
2019-04-08 05:38:00,1554701880,315.3,315.3,315.3,315.3,0.0
2019-04-08 05:37:00,1554701820,315.6,315.6,315.3,315.3,0.61480296
2019-04-08 05:36:00,1554701760,315.4,315.6,315.3,315.6,1.75762922
2019-04-08 05:35:00,1554701700,315.4,315.4,315.4,315.4,0.15
2019-04-08 05:34:00,1554701640,315.9,315.9,314.9,315.3,32.46428058
2019-04-08 05:33:00,1554701580,315.2,316.0,315.2,315.8,34.58550738
2019-04-08 05:32:00,1554701520,315.3,315.4,314.8,314.8,0.55762922
2019-04-08 05:31:00,1554701460,314.7,315.3,314.7,315.3,0.32574508
2019-04-08 05:30:00,1554701400,314.9,315.3,314.7,314.7,0.38723674
2019-04-08 05:29:00,1554701340,315.3,315.3,314.9,314.9,2.70167635
2019-04-08 05:28:00,1554701280,315.4,315.8,315.2,315.3,6.1516984
2019-04-08 05:27:00,1554701220,315.8,315.8,315.3,315.4,0.45005971
2019-04-08 05:26:00,1554701160,315.9,316.4,315.9,316.4,4.54213194
2019-04-08 05:25:00,1554701100,316.6,316.7,315.8,315.9,22.61092921
2019-04-08 05:24:00,1554701040,316.1,316.6,316.1,316.6,0.02
2019-04-08 05:23:00,1554700980,314.9,316.7,314.9,316.1,9.43451528
2019-04-08 05:22:00,1554700920,314.9,314.9,314.9,314.9,0.0
2019-04-08 05:21:00,1554700860,315.4,315.9,314.9,314.9,24.28658169
2019-04-08 05:20:00,1554700800,314.6,315.2,314.5,315.2,26.54471178
